YEAR,RND,PICK,FIRST_NAME,LAST_NAME,TM,POS,SCHOOL
2009,1,1,Matthew,Stafford,DET,QB,Georgia
2009,1,2,Jason,Smith,STL,T,Baylor
2009,1,3,Tyson,Jackson,KAN,DE,LSU
2009,1,4,Aaron,Curry,SEA,LB,Wake Forest
2009,1,5,Mark,Sanchez,NYJ,QB,USC
2009,1,6,Andre,Smith,CIN,T,Alabama
2009,1,7,Darrius,Heyward-Bey,OAK,WR,Maryland
2009,1,8,Eugene,Monroe,JAX,T,Virginia
2009,1,9,B.J.,Raji,GNB,DT,Boston Col.
2009,1,10,Michael,Crabtree,SFO,WR,Texas Tech
2009,1,11,Aaron,Maybin,BUF,DE,Penn St.
2009,1,12,Knowshon,Moreno,DEN,RB,Georgia
2009,1,13,Brian,Orakpo,WAS,LB,Texas
2009,1,14,Malcolm,Jenkins,NOR,DB,Ohio St.
2009,1,15,Brian,Cushing,HOU,LB,USC
2009,1,16,Larry,English,SDG,LB,Northern Illinois
2009,1,17,Josh,Freeman,TAM,QB,Kansas St.
2009,1,18,Robert,Ayers,DEN,DE,Tennessee
2009,1,19,Jeremy,Maclin,PHI,WR,Missouri
2009,1,20,Brandon,Pettigrew,DET,TE,Oklahoma St.
2009,1,21,Alex,Mack,CLE,C,California
2009,1,22,Percy,Harvin,MIN,WR,Florida
2009,1,23,Michael,Oher,BAL,T,Mississippi
2009,1,24,Peria,Jerry,ATL,DT,Mississippi
2009,1,25,Vontae,Davis,MIA,DB,Illinois
2009,1,26,Clay,Matthews,GNB,LB,USC
2009,1,27,Donald,Brown,IND,RB,Connecticut
2009,1,28,Eric,Wood,BUF,C,Louisville
2009,1,29,Hakeem,Nicks,NYG,WR,North Carolina
2009,1,30,Kenny,Britt,TEN,WR,Rutgers
2009,1,31,Beanie,Wells,ARI,RB,Ohio St.
2009,1,32,Evander,Hood,PIT,DE,Missouri
2009,2,33,Louis,Delmas,DET,DB,West. Michigan
2009,2,34,Patrick,Chung,NWE,DB,Oregon
2009,2,35,James,Laurinaitis,STL,LB,Ohio St.
2009,2,36,Brian,Robiskie,CLE,WR,Ohio St.
2009,2,37,Alphonso,Smith,DEN,DB,Wake Forest
2009,2,38,Rey,Maualuga,CIN,LB,USC
2009,2,39,Eben,Britton,JAX,T,Arizona
2009,2,40,Ron,Brace,NWE,DT,Boston Col.
2009,2,41,Darius,Butler,NWE,DB,Connecticut
2009,2,42,Jairus,Byrd,BUF,DB,Oregon
2009,2,43,Everette,Brown,CAR,DE,Florida St.
2009,2,44,Pat,White,MIA,QB,West Virginia
2009,2,45,Clint,Sintim,NYG,LB,Virginia
2009,2,46,Connor,Barwin,HOU,DE,Cincinnati
2009,2,47,Mike,Mitchell,OAK,DB,Ohio
2009,2,48,Darcel,McBath,DEN,DB,Texas Tech
2009,2,49,Max,Unger,SEA,C,Oregon
2009,2,50,Mohamed,Massaquoi,CLE,WR,Georgia
2009,2,51,Andy,Levitre,BUF,G,Oregon St.
2009,2,52,David,Veikune,CLE,LB,Hawaii
2009,2,53,LeSean,McCoy,PHI,RB,Pittsburgh
2009,2,54,Phil,Loadholt,MIN,T,Oklahoma
2009,2,55,William,Moore,ATL,DB,Missouri
2009,2,56,Fili,Moala,IND,DT,USC
2009,2,57,Paul,Kruger,BAL,DE,Utah
2009,2,58,Sebastian,Vollmer,NWE,T,Houston
2009,2,59,Sherrod,Martin,CAR,DB,Troy
2009,2,60,Will,Beatty,NYG,T,Connecticut
2009,2,61,Sean,Smith,MIA,DB,Utah
2009,2,62,Sen'Derrick,Marks,TEN,DT,Auburn
2009,2,63,Cody,Brown,ARI,LB,Connecticut
2009,2,64,Richard,Quinn,DEN,TE,North Carolina
2009,3,65,Shonn,Greene,NYJ,RB,Iowa
2009,3,66,Bradley,Fletcher,STL,DB,Iowa
2009,3,67,Alex,Magee,KAN,DE,Purdue
2009,3,68,Jarron,Gilbert,CHI,DT,San Jose St.
2009,3,69,Jason,Williams,DAL,LB,West. Illinois
2009,3,70,Michael,Johnson,CIN,DE,Georgia Tech
2009,3,71,Matt,Shaughnessy,OAK,DE,Wisconsin
2009,3,72,Terrance,Knighton,JAX,DT,Temple
2009,3,73,Derek,Cox,JAX,DB,William & Mary
2009,3,74,Glen,Coffee,SFO,RB,Alabama
2009,3,75,Robert,Brewster,DAL,T,Ball St.
2009,3,76,DeAndre,Levy,DET,LB,Wisconsin
2009,3,77,Antoine,Caldwell,HOU,G,Alabama
2009,3,78,Louis,Vasquez,SDG,G,Texas Tech
2009,3,79,Kraig,Urbik,PIT,T,Wisconsin
2009,3,80,Kevin,Barnes,WAS,DB,Maryland
2009,3,81,Roy,Miller,TAM,DT,Texas
2009,3,82,Derrick,Williams,DET,WR,Penn St.
2009,3,83,Brandon,Tate,NWE,WR,North Carolina
2009,3,84,Mike,Wallace,PIT,WR,Mississippi
2009,3,85,Ramses,Barden,NYG,WR,Cal Poly-San Luis Obispo
2009,3,86,Asher,Allen,MIN,DB,Georgia
2009,3,87,Patrick,Turner,MIA,WR,USC
2009,3,88,Lardarius,Webb,BAL,DB,Nicholls St.
2009,3,89,Jared,Cook,TEN,TE,South Carolina
2009,3,90,Chris,Owens,ATL,DB,San Jose St.
2009,3,91,Deon,Butler,SEA,WR,Penn St.
2009,3,92,Jerraud,Powers,IND,DB,Auburn
2009,3,93,Corvey,Irvin,CAR,DT,Georgia
2009,3,94,Ryan,Mouton,TEN,DB,Hawaii
2009,3,95,Rashad,Johnson,ARI,DB,Alabama
2009,3,96,Keenan,Lewis,PIT,DB,Oregon St.
2009,3,97,Tyrone,McKenzie,NWE,LB,South Florida
2009,3,98,Chase,Coffman,CIN,TE,Missouri
2009,3,99,Juaquin,Iglesias,CHI,WR,Oklahoma
2009,3,100,Travis,Beckum,NYG,TE,Wisconsin
2009,3,0,Jeremy,Jarmon,WAS,DE,Kentucky
2009,4,101,Stephen,McGee,DAL,QB,Texas A&M
2009,4,102,Donald,Washington,KAN,DB,Ohio St.
2009,4,103,Darell,Scott,STL,DT,Clemson
2009,4,104,Kaluka,Maiava,CLE,LB,USC
2009,4,105,Henry,Melton,CHI,DE,Texas
2009,4,106,Jonathan,Luigs,CIN,C,Arkansas
2009,4,107,Mike,Thomas,JAX,WR,Arizona
2009,4,108,Brian,Hartline,MIA,WR,Ohio St.
2009,4,109,T.J.,Lang,GNB,T,East. Michigan
2009,4,110,Victor,Butler,DAL,LB,Oregon St.
2009,4,111,Mike,Goodson,CAR,RB,Texas A&M
2009,4,112,Glover,Quin,HOU,DB,New Mexico
2009,4,113,Vaughn,Martin,SDG,DT,West. Ontario
2009,4,114,David,Bruton,DEN,DB,Notre Dame
2009,4,115,Sammie,Hill,DET,DT,Stillman
2009,4,116,Chip,Vaughn,NOR,DB,Wake Forest
2009,4,117,Kyle,Moore,TAM,DE,USC
2009,4,118,Stanley,Arnoux,NOR,LB,Wake Forest
2009,4,119,D.J.,Moore,CHI,DB,Vanderbilt
2009,4,120,Brandon,Williams,DAL,DE,Texas Tech
2009,4,121,Shawn,Nelson,BUF,TE,Southern Miss
2009,4,122,Anthony,Hill,HOU,TE,North Carolina St.
2009,4,123,Rich,Ohrnberger,NWE,G,Penn St.
2009,4,124,Louis,Murphy,OAK,WR,Florida
2009,4,125,Lawrence,Sidbury,ATL,DE,Richmond
2009,4,126,Slade,Norris,OAK,DE,Oregon St.
2009,4,127,Austin,Collie,IND,WR,BYU
2009,4,128,Tony,Fiammetta,CAR,RB,Syracuse
2009,4,129,Andre,Brown,NYG,RB,North Carolina St.
2009,4,130,Gerald,McRath,TEN,LB,Southern Miss
2009,4,131,Greg,Toler,ARI,DB,St. Paul's
2009,4,132,Seth,Olsen,DEN,G,Iowa
2009,4,133,Tyronne,Green,SDG,G,Auburn
2009,4,134,Gartrell,Johnson,SDG,RB,Colorado St.
2009,4,135,Troy,Kropog,TEN,T,Tulane
2009,4,136,Terrance,Taylor,IND,DT,Michigan
2009,5,137,Jason,Phillips,BAL,LB,TCU
2009,5,138,William,Middleton,ATL,DB,Furman
2009,5,139,Colin,Brown,KAN,T,Missouri
2009,5,140,Johnny,Knox,CHI,WR,Abilene Christian
2009,5,141,Kenny,McKinley,DEN,WR,South Carolina
2009,5,142,Kevin,Huber,CIN,P,Cincinnati
2009,5,143,DeAngelo,Smith,DAL,DB,Cincinnati
2009,5,144,Jarett,Dillard,JAX,WR,Rice
2009,5,145,Quinn,Johnson,GNB,RB,LSU
2009,5,146,Scott,McKillop,SFO,LB,Pittsburgh
2009,5,147,Nic,Harris,BUF,LB,Oklahoma
2009,5,148,Brandon,Hughes,SDG,DB,Oregon St.
2009,5,149,Davon,Drew,BAL,TE,East Carolina
2009,5,150,Jasper,Brinkley,MIN,LB,South Carolina
2009,5,151,Rhett,Bomar,NYG,QB,Sam Houston St.
2009,5,152,James,Casey,HOU,TE,Rice
2009,5,153,Cornelius,Ingram,PHI,TE,Florida
2009,5,154,Marcus,Freeman,CHI,LB,Ohio St.
2009,5,155,Xavier,Fulton,TAM,T,Illinois
2009,5,156,Garrett,Reynolds,ATL,T,North Carolina
2009,5,157,Victor,Harris,PHI,DB,Virginia Tech
2009,5,158,Cody,Glenn,WAS,LB,Nebraska
2009,5,159,Fenuki,Tupou,PHI,T,Oregon
2009,5,160,Brooks,Foster,STL,WR,North Carolina
2009,5,161,John,Nalbone,MIA,TE,Monmouth
2009,5,162,Jamon,Meredith,GNB,T,South Carolina
2009,5,163,Duke,Robinson,CAR,G,Oklahoma
2009,5,164,Thomas,Morstead,NOR,P,SMU
2009,5,165,Chris,Clemons,MIA,DB,Clemson
2009,5,166,Michael,Hamlin,DAL,DB,Clemson
2009,5,167,Herman,Johnson,ARI,T,LSU
2009,5,168,Joe,Burnett,PIT,DB,Central Florida
2009,5,169,Frank,Summers,PIT,RB,UNLV
2009,5,170,George,Bussey,NWE,T,Louisville
2009,5,171,Nate,Davis,SFO,QB,Ball St.
2009,5,172,David,Buehler,DAL,K,USC
2009,5,173,Javon,Ringer,TEN,RB,Michigan St.
2009,6,174,Tom,Brandstater,DEN,QB,Fresno St.
2009,6,175,Quinten,Lawrence,KAN,WR,McNeese St.
2009,6,176,Spencer,Adkins,ATL,LB,Miami (FL)
2009,6,177,Don,Carey,CLE,DB,Norfolk St.
2009,6,178,Mike,Teel,SEA,QB,Rutgers
2009,6,179,Morgan,Trent,CIN,DB,Michigan
2009,6,180,Zach,Miller,JAX,TE,Nebraska-Omaha
2009,6,181,Andrew,Gardner,MIA,T,Georgia Tech
2009,6,182,Jarius,Wynn,GNB,DE,Georgia
2009,6,183,Cary,Harris,BUF,DB,USC
2009,6,184,Bear,Pascoe,SFO,TE,Fresno St.
2009,6,185,Cedric,Peerman,BAL,RB,Virginia
2009,6,186,Robert,Henson,WAS,LB,TCU
2009,6,187,Brandon,Underwood,GNB,DB,Cincinnati
2009,6,188,Brice,McCain,HOU,DB,Utah
2009,6,189,Kevin,Ellison,SDG,LB,USC
2009,6,190,Al,Afalava,CHI,DB,Oregon St.
2009,6,191,Coye,Francies,CLE,DB,San Jose St.
2009,6,192,Aaron,Brown,DET,RB,TCU
2009,6,193,Matt,Slauson,NYJ,G,Nebraska
2009,6,194,Brandon,Gibson,PHI,WR,Washington St.
2009,6,195,James,Davis,CLE,RB,Clemson
2009,6,196,Keith,Null,STL,QB,West Texas A&M
2009,6,197,Stephen,Hodge,DAL,DB,TCU
2009,6,198,Jake,Ingram,NWE,C,Hawaii
2009,6,199,Stryker,Sulak,OAK,DE,Missouri
2009,6,200,DeAndre,Wright,NYG,DB,New Mexico
2009,6,201,Curtis,Painter,IND,QB,Purdue
2009,6,202,Brandon,Myers,OAK,TE,Iowa
2009,6,203,Jason,McCourty,TEN,DB,Rutgers
2009,6,204,Will,Davis,ARI,DE,Illinois
2009,6,205,Ra'Shon,Harris,PIT,DT,Oregon
2009,6,206,Dominique,Edison,TEN,WR,S.F. Austin
2009,6,207,Myron,Pryor,NWE,DT,Kentucky
2009,6,208,John,Phillips,DAL,TE,Virginia
2009,6,209,Bernard,Scott,CIN,RB,Abilene Christian
2009,7,210,Vance,Walker,ATL,DT,Georgia Tech
2009,7,211,Chris,Ogbonnaya,STL,RB,Texas
2009,7,212,Javarris,Williams,KAN,RB,Tennessee St.
2009,7,213,Paul,Fanaika,PHI,G,Arizona St.
2009,7,214,J.D.,Folsom,MIA,LB,Weber St.
2009,7,215,Fui,Vakapuna,CIN,RB,BYU
2009,7,216,Captain,Munnerlyn,CAR,DB,South Carolina
2009,7,217,E.J.,Biggers,TAM,DB,West. Michigan
2009,7,218,Brad,Jones,GNB,LB,Colorado
2009,7,219,Curtis,Taylor,SFO,DB,LSU
2009,7,220,Ellis,Lankster,BUF,DB,West Virginia
2009,7,221,Eddie,Williams,WAS,RB,Idaho
2009,7,222,Pat,McAfee,IND,K,West Virginia
2009,7,223,Troy,Nolan,HOU,DB,Arizona St.
2009,7,224,Demetrius,Byrd,SDG,WR,LSU
2009,7,225,Blake,Schlueter,DEN,C,TCU
2009,7,226,A.Q.,Shipley,PIT,C,Penn St.
2009,7,227,Mike,Mickens,DAL,DB,Cincinnati
2009,7,228,Lydon,Murtha,DET,T,Nebraska
2009,7,229,Manuel,Johnson,DAL,WR,Oklahoma
2009,7,230,Moise,Fokou,PHI,LB,Maryland
2009,7,231,Jamarca,Sanford,MIN,DB,Mississippi
2009,7,232,Julian,Edelman,NWE,WR,Kent St.
2009,7,233,Sammie,Stroughter,TAM,WR,Oregon St.
2009,7,234,Darryl,Richard,NWE,DT,Georgia Tech
2009,7,235,Zack,Follett,DET,LB,California
2009,7,236,Jaimie,Thomas,IND,T,Maryland
2009,7,237,Jake,O'Connell,KAN,TE,Miami (OH)
2009,7,238,Stoney,Woodson,NYG,DB,South Carolina
2009,7,239,Ryan,Durand,TEN,G,Syracuse
2009,7,240,LaRod,Stephens,ARI,RB,Pittsburgh
2009,7,241,David,Johnson,PIT,TE,Arkansas St.
2009,7,242,Nick,Schommer,TEN,DB,North Dakota St.
2009,7,243,Marko,Mitchell,WAS,WR,Nevada
2009,7,244,Ricky,Jean-Francois,SFO,DT,LSU
2009,7,245,Courtney,Greene,SEA,DB,Rutgers
2009,7,246,Lance,Louis,CHI,G,San Diego St.
2009,7,247,Nick,Reed,SEA,DE,Oregon
2009,7,248,Cameron,Morrah,SEA,TE,California
2009,7,249,Clinton,McDonald,CIN,DT,Memphis
2009,7,250,Rashad,Jennings,JAX,RB,Liberty
2009,7,251,Derek,Kinder,CHI,WR,Pittsburgh
2009,7,252,Freddie,Brown,CIN,WR,Utah
2009,7,253,Tiquan,Underwood,JAX,WR,Rutgers
2009,7,254,Trevor,Canfield,ARI,G,Cincinnati
2009,7,255,Dan,Gronkowski,DET,TE,Maryland
2009,7,256,Ryan,Succop,KAN,K,South Carolina
2010,1,1,Sam,Bradford,STL,QB,Oklahoma
2010,1,2,Ndamukong,Suh,DET,DT,Nebraska
2010,1,3,Gerald,McCoy,TAM,DT,Oklahoma
2010,1,4,Trent,Williams,WAS,T,Oklahoma
2010,1,5,Eric,Berry,KAN,DB,Tennessee
2010,1,6,Russell,Okung,SEA,T,Oklahoma St.
2010,1,7,Joe,Haden,CLE,DB,Florida
2010,1,8,Rolando,McClain,OAK,LB,Alabama
2010,1,9,C.J.,Spiller,BUF,RB,Clemson
2010,1,10,Tyson,Alualu,JAX,DT,California
2010,1,11,Anthony,Davis,SFO,T,Rutgers
2010,1,12,Ryan,Mathews,SDG,RB,Fresno St.
2010,1,13,Brandon,Graham,PHI,DE,Michigan
2010,1,14,Earl,Thomas,SEA,DB,Texas
2010,1,15,Jason,Pierre-Paul,NYG,DE,South Florida
2010,1,16,Derrick,Morgan,TEN,DE,Georgia Tech
2010,1,17,Mike,Iupati,SFO,G,Idaho
2010,1,18,Maurkice,Pouncey,PIT,C,Florida
2010,1,19,Sean,Weatherspoon,ATL,LB,Missouri
2010,1,20,Kareem,Jackson,HOU,DB,Alabama
2010,1,21,Jermaine,Gresham,CIN,TE,Oklahoma
2010,1,22,Demaryius,Thomas,DEN,WR,Georgia Tech
2010,1,23,Bryan,Bulaga,GNB,T,Iowa
2010,1,24,Dez,Bryant,DAL,WR,Oklahoma St.
2010,1,25,Tim,Tebow,DEN,QB,Florida
2010,1,26,Dan,Williams,ARI,DT,Tennessee
2010,1,27,Devin,McCourty,NWE,DB,Rutgers
2010,1,28,Jared,Odrick,MIA,DE,Penn St.
2010,1,29,Kyle,Wilson,NYJ,DB,Boise St.
2010,1,30,Jahvid,Best,DET,RB,California
2010,1,31,Jerry,Hughes,IND,DE,TCU
2010,1,32,Patrick,Robinson,NOR,DB,Florida St.
2010,2,33,Rodger,Saffold,STL,T,Indiana
2010,2,34,Chris,Cook,MIN,DB,Virginia
2010,2,35,Brian,Price,TAM,DT,UCLA
2010,2,36,Dexter,McCluster,KAN,WR,Mississippi
2010,2,37,Nate,Allen,PHI,DB,South Florida
2010,2,38,T.J.,Ward,CLE,DB,Oregon
2010,2,39,Arrelious,Benn,TAM,WR,Illinois
2010,2,40,Koa,Misi,MIA,LB,Utah
2010,2,41,Torell,Troup,BUF,DT,Central Florida
2010,2,42,Rob,Gronkowski,NWE,TE,Arizona
2010,2,43,Sergio,Kindle,BAL,LB,Texas
2010,2,44,Lamarr,Houston,OAK,DE,Texas
2010,2,45,Zane,Beadles,DEN,G,Utah
2010,2,46,Linval,Joseph,NYG,DT,East Carolina
2010,2,47,Daryl,Washington,ARI,LB,TCU
2010,2,48,Jimmy,Clausen,CAR,QB,Notre Dame
2010,2,49,Taylor,Mays,SFO,DB,USC
2010,2,50,Javier,Arenas,KAN,DB,Alabama
2010,2,51,Toby,Gerhart,MIN,RB,Stanford
2010,2,52,Jason,Worilds,PIT,DE,Virginia Tech
2010,2,53,Jermaine,Cunningham,NWE,LB,Florida
2010,2,54,Carlos,Dunlap,CIN,DE,Florida
2010,2,55,Sean,Lee,DAL,LB,Penn St.
2010,2,56,Mike,Neal,GNB,DE,Purdue
2010,2,57,Terrence,Cody,BAL,DT,Alabama
2010,2,58,Ben,Tate,HOU,RB,Auburn
2010,2,59,Montario,Hardesty,CLE,RB,Tennessee
2010,2,60,Golden,Tate,SEA,WR,Notre Dame
2010,2,61,Vlad,Ducasse,NYJ,T,Massachusetts
2010,2,62,Brandon,Spikes,NWE,LB,Florida
2010,2,63,Pat,Angerer,IND,LB,Iowa
2010,2,64,Charles,Brown,NOR,T,USC
2010,3,65,Jerome,Murphy,STL,DB,South Florida
2010,3,66,Amari,Spievey,DET,DB,Iowa
2010,3,67,Myron,Lewis,TAM,DB,Vanderbilt
2010,3,68,Jon,Asamoah,KAN,G,Illinois
2010,3,69,Jared,Veldheer,OAK,T,Hillsdale
2010,3,70,Ed,Dickson,BAL,TE,Oregon
2010,3,71,Morgan,Burnett,GNB,DB,Georgia Tech
2010,3,72,Alex,Carrington,BUF,DE,Arkansas St.
2010,3,73,John,Jerry,MIA,T,Mississippi
2010,3,74,D'Anthony,Smith,JAX,DT,Louisiana Tech
2010,3,75,Major,Wright,CHI,DB,Florida
2010,3,76,Chad,Jones,NYG,DB,LSU
2010,3,77,Damian,Williams,TEN,WR,USC
2010,3,78,Brandon,LaFell,CAR,WR,LSU
2010,3,79,Donald,Butler,SDG,LB,Washington
2010,3,80,J.D.,Walton,DEN,C,Baylor
2010,3,81,Earl,Mitchell,HOU,DT,Arizona
2010,3,82,Emmanuel,Sanders,PIT,WR,SMU
2010,3,83,Corey,Peters,ATL,DT,Kentucky
2010,3,84,Jordan,Shipley,CIN,WR,Texas
2010,3,85,Colt,McCoy,CLE,QB,Texas
2010,3,86,Daniel,Te'o-Nesheim,PHI,DE,Washington
2010,3,87,Eric,Decker,DEN,WR,Minnesota
2010,3,88,Andre,Roberts,ARI,WR,The Citadel
2010,3,89,Armanti,Edwards,CAR,WR,Appalachian St.
2010,3,90,Taylor,Price,NWE,WR,Ohio
2010,3,91,NaVorro,Bowman,SFO,LB,Penn St.
2010,3,92,Shawn,Lauvao,CLE,G,Arizona St.
2010,3,93,Tony,Moeaki,KAN,TE,Iowa
2010,3,94,Kevin,Thomas,IND,DB,USC
2010,3,95,Jimmy,Graham,NOR,TE,Miami (FL)
2010,3,96,Brandon,Ghee,CIN,DB,Wake Forest
2010,3,97,Rennie,Curran,TEN,LB,Georgia
2010,3,98,Mike,Johnson,ATL,G,Alabama
2010,4,99,Mardy,Gilyard,STL,WR,Cincinnati
2010,4,100,Everson,Griffen,MIN,DE,USC
2010,4,101,Mike,Williams,TAM,WR,Syracuse
2010,4,102,Darryl,Sharpton,HOU,LB,Miami (FL)
2010,4,103,Perry,Riley,WAS,LB,LSU
2010,4,104,Alterraun,Verner,TEN,DB,UCLA
2010,4,105,Trevard,Lindley,PHI,DB,Kentucky
2010,4,106,Bruce,Campbell,OAK,T,Maryland
2010,4,107,Marcus,Easley,BUF,WR,Connecticut
2010,4,108,Jacoby,Ford,OAK,WR,Clemson
2010,4,109,Corey,Wootton,CHI,DE,Northwestern
2010,4,110,Darrell,Stuckey,SDG,DB,Kansas
2010,4,111,Walter,Thurmond,SEA,DB,Oregon
2010,4,112,Joe,McKnight,NYJ,RB,USC
2010,4,113,Aaron,Hernandez,NWE,TE,Florida
2010,4,114,Dennis,Pitta,BAL,TE,BYU
2010,4,115,Phillip,Dillard,NYG,LB,Nebraska
2010,4,116,Thaddeus,Gibson,PIT,DE,Ohio St.
2010,4,117,Joe,Hawley,ATL,C,UNLV
2010,4,118,Garrett,Graham,HOU,TE,Wisconsin
2010,4,119,A.J.,Edds,MIA,LB,Iowa
2010,4,120,Geno,Atkins,CIN,DT,Georgia
2010,4,121,Keenan,Clayton,PHI,LB,Oklahoma
2010,4,122,Mike,Kafka,PHI,QB,Northwestern
2010,4,123,Al,Woods,NOR,DT,LSU
2010,4,124,Eric,Norwood,CAR,LB,South Carolina
2010,4,125,Clay,Harbor,PHI,TE,SW Missouri St.
2010,4,126,Akwasi,Owusu-Ansah,DAL,DB,Indiana (PA)
2010,4,127,E.J.,Wilson,SEA,DE,North Carolina
2010,4,128,Jason,Fox,DET,T,Miami (FL)
2010,4,129,Jacques,McClendon,IND,G,Tennessee
2010,4,130,O'Brien,Schofield,ARI,DE,Wisconsin
2010,4,131,Roddrick,Muckelroy,CIN,LB,Texas
2010,5,132,Michael,Hoomanawanui,STL,TE,Illinois
2010,5,133,Kam,Chancellor,SEA,DB,Virginia Tech
2010,5,134,Ricky,Sapp,PHI,DE,Clemson
2010,5,135,Dominique,Franks,ATL,DB,Oklahoma
2010,5,136,Kendrick,Lewis,KAN,DB,Mississippi
2010,5,137,Perrish,Cox,DEN,DB,Oklahoma St.
2010,5,138,Walter,McFadden,OAK,DB,Auburn
2010,5,139,John,Conner,NYJ,RB,Kentucky
2010,5,140,Ed,Wang,BUF,T,Virginia Tech
2010,5,141,Joshua,Moore,CHI,DB,Kansas St.
2010,5,142,Cameron,Sheffield,KAN,DE,Troy
2010,5,143,Larry,Hart,JAX,DE,Central Arkansas
2010,5,144,Sherrick,McManis,HOU,DB,Northwestern
2010,5,145,Nolan,Carroll,MIA,DB,Maryland
2010,5,146,Cam,Thomas,SDG,DT,North Carolina
2010,5,147,Mitch,Petrus,NYG,G,Arkansas
2010,5,148,Robert,Johnson,TEN,DB,Utah
2010,5,149,Hall,Davis,STL,DE,La-Lafayette
2010,5,150,Zoltan,Mesko,NWE,P,Michigan
2010,5,151,Chris,Scott,PIT,G,Tennessee
2010,5,152,Otis,Hudson,CIN,T,East. Illinois
2010,5,153,Austen,Lane,JAX,DE,Murray St.
2010,5,154,Andrew,Quarless,GNB,TE,Penn St.
2010,5,155,John,Skelton,ARI,QB,Fordham
2010,5,156,David,Reed,BAL,WR,Utah
2010,5,157,Arthur,Jones,BAL,DE,Syracuse
2010,5,158,Matt,Tennant,NOR,C,Boston Col.
2010,5,159,Riley,Cooper,PHI,WR,Florida
2010,5,160,Larry,Asante,CLE,DB,Nebraska
2010,5,161,Chris,DeGeare,MIN,G,Wake Forest
2010,5,162,Brody,Eldridge,IND,TE,Oklahoma
2010,5,163,Reshad,Jones,MIA,DB,Georgia
2010,5,164,Crezdon,Butler,PIT,DB,Clemson
2010,5,165,Kerry,Meier,ATL,WR,Kansas
2010,5,166,Stevenson,Sylvester,PIT,LB,Utah
2010,5,167,Nate,Triplett,MIN,LB,Minnesota
2010,5,168,Jonathan,Crompton,SDG,QB,Tennessee
2010,5,169,Marshall,Newhouse,GNB,G,TCU
2010,6,170,Fendi,Onobun,STL,TE,Arizona
2010,6,171,Shann,Schillinger,ATL,DB,Montana
2010,6,172,Brent,Bowden,TAM,P,Virginia Tech
2010,6,173,Anthony,Dixon,SFO,RB,Mississippi St.
2010,6,174,Dennis,Morris,WAS,RB,Louisiana Tech
2010,6,175,Greg,Hardy,CAR,DE,Mississippi
2010,6,176,Rusty,Smith,TEN,QB,Florida Atlantic
2010,6,177,Carlton,Mitchell,CLE,WR,South Florida
2010,6,178,Arthur,Moats,BUF,LB,James Madison
2010,6,179,Sam,Young,DAL,T,Notre Dame
2010,6,180,Deji,Karim,JAX,RB,Southern Illinois
2010,6,181,Dan,LeFevour,CHI,QB,Central Michigan
2010,6,182,Nate,Byham,SFO,TE,Pittsburgh
2010,6,183,Eric,Olsen,DEN,C,Notre Dame
2010,6,184,Adrian,Tracy,NYG,DE,William & Mary
2010,6,185,Anthony,McCoy,SEA,TE,USC
2010,6,186,Clifton,Geathers,CLE,DE,South Carolina
2010,6,187,Shelley,Smith,HOU,G,Colorado St.
2010,6,188,Jonathan,Dwyer,PIT,RB,Georgia Tech
2010,6,189,Eugene,Sims,STL,DE,West Texas A&M
2010,6,190,Travis,Goethel,OAK,LB,Arizona St.
2010,6,191,Dezmon,Briscoe,CIN,WR,Kansas
2010,6,192,Danny,Batten,BUF,DE,South Dakota St.
2010,6,193,James,Starks,GNB,RB,Buffalo
2010,6,194,Ramon,Harewood,BAL,T,Morehouse
2010,6,195,Antonio,Brown,PIT,WR,Central Michigan
2010,6,196,Jamar,Wall,DAL,DB,Texas Tech
2010,6,197,Trindon,Holliday,HOU,WR,LSU
2010,6,198,David,Gettis,CAR,WR,Baylor
2010,6,199,Joe,Webb,MIN,WR,Ala-Birmingham
2010,6,200,Charles,Scott,PHI,RB,LSU
2010,6,201,Jorrick,Calvin,ARI,DB,Troy
2010,6,202,Jordan,Pugh,CAR,DB,Texas A&M
2010,6,203,Scotty,McGee,JAX,DB,James Madison
2010,6,204,Tony,Pike,CAR,QB,Cincinnati
2010,6,205,Ted,Larsen,NWE,C,North Carolina St.
2010,6,206,Kyle,Williams,SFO,WR,Arizona St.
2010,6,207,Myron,Rolle,TEN,DB,Florida St.
2010,7,208,Thomas,Welch,NWE,T,Vanderbilt
2010,7,209,Levi,Brown,BUF,QB,Troy
2010,7,210,Cody,Grimm,TAM,DB,Virginia Tech
2010,7,211,Marquis,Johnson,STL,DB,Alabama
2010,7,212,Chris,McCoy,MIA,DE,Middle Tenn. St.
2010,7,213,Willie,Young,DET,DE,North Carolina St.
2010,7,214,Mickey,Shuler,MIN,TE,Penn St.
2010,7,215,Jeremy,Ware,OAK,DB,Michigan St.
2010,7,216,Kyle,Calloway,BUF,T,Iowa
2010,7,217,Dekoda,Watson,TAM,LB,Florida St.
2010,7,218,J'Marcus,Webb,CHI,T,West Texas A&M
2010,7,219,Terrence,Austin,WAS,WR,UCLA
2010,7,220,Jamar,Chaney,PHI,LB,Mississippi St.
2010,7,221,Matt,Dodge,NYG,P,East Carolina
2010,7,222,Marc,Mariani,TEN,WR,Montana
2010,7,223,R.J.,Stanford,CAR,DB,Utah
2010,7,224,Phillip,Adams,SFO,DB,South Carolina St.
2010,7,225,Syd'Quan,Thompson,DEN,DB,California
2010,7,226,George,Selvie,STL,DE,South Florida
2010,7,227,Dorin,Dickerson,HOU,WR,Pittsburgh
2010,7,228,Reggie,Stephens,CIN,C,Iowa St.
2010,7,229,Erik,Cook,WAS,C,New Mexico
2010,7,230,C.J.,Wilson,GNB,DE,East Carolina
2010,7,231,Selvish,Capers,WAS,T,West Virginia
2010,7,232,Jammie,Kirlew,DEN,DE,Indiana
2010,7,233,Jim,Dray,ARI,TE,Stanford
2010,7,234,Sean,Lissemore,DAL,DT,William & Mary
2010,7,235,Dedrick,Epps,SDG,TE,Miami (FL)
2010,7,236,Dexter,Davis,SEA,LB,Arizona St.
2010,7,237,Ryan,D'Imperio,MIN,RB,Rutgers
2010,7,238,Ricardo,Mathews,IND,DT,Cincinnati
2010,7,239,Sean,Canfield,NOR,QB,Oregon St.
2010,7,240,Kavell,Conner,IND,LB,Clemson
2010,7,241,David,Howard,TEN,DT,Brown
2010,7,242,Doug,Worthington,PIT,DT,Ohio St.
2010,7,243,Jeff,Owens,PHI,DT,Georgia
2010,7,244,Kurt,Coleman,PHI,DB,Ohio St.
2010,7,245,Jameson,Konz,SEA,TE,Kent St.
2010,7,246,Ray,Fisher,IND,DB,Indiana
2010,7,247,Brandon,Deaderick,NWE,DE,Alabama
2010,7,248,Kade,Weston,NWE,DT,Georgia
2010,7,249,Robert,McClain,CAR,DB,Connecticut
2010,7,250,Zac,Robinson,NWE,QB,Oklahoma St.
2010,7,251,Stevie,Brown,OAK,DB,Michigan
2010,7,252,Austin,Spitler,MIA,LB,Ohio St.
2010,7,253,Erik,Lorig,TAM,DE,Stanford
2010,7,254,Josh,Hull,STL,LB,Penn St.
2010,7,255,Tim,Toone,DET,WR,Weber St.
2010,7,0,Josh,Brent,DAL,DT,Illinois
2010,7,0,Harvey,Unga,CHI,RB,BYU
2011,1,1,Cam,Newton,CAR,QB,Auburn
2011,1,2,Von,Miller,DEN,LB,Texas A&M
2011,1,3,Marcell,Dareus,BUF,DT,Alabama
2011,1,4,A.J.,Green,CIN,WR,Georgia
2011,1,5,Patrick,Peterson,ARI,DB,LSU
2011,1,6,Julio,Jones,ATL,WR,Alabama
2011,1,7,Aldon,Smith,SFO,DE,Missouri
2011,1,8,Jake,Locker,TEN,QB,Washington
2011,1,9,Tyron,Smith,DAL,T,USC
2011,1,10,Blaine,Gabbert,JAX,QB,Missouri
2011,1,11,J.J.,Watt,HOU,DE,Wisconsin
2011,1,12,Christian,Ponder,MIN,QB,Florida St.
2011,1,13,Nick,Fairley,DET,DT,Auburn
2011,1,14,Robert,Quinn,STL,DE,North Carolina
2011,1,15,Mike,Pouncey,MIA,G,Florida
2011,1,16,Ryan,Kerrigan,WAS,DE,Purdue
2011,1,17,Nate,Solder,NWE,T,Colorado
2011,1,18,Corey,Liuget,SDG,DT,Illinois
2011,1,19,Prince,Amukamara,NYG,DB,Nebraska
2011,1,20,Adrian,Clayborn,TAM,DE,Iowa
2011,1,21,Phil,Taylor,CLE,DT,Baylor
2011,1,22,Anthony,Castonzo,IND,T,Boston Col.
2011,1,23,Danny,Watkins,PHI,G,Baylor
2011,1,24,Cameron,Jordan,NOR,DE,California
2011,1,25,James,Carpenter,SEA,T,Alabama
2011,1,26,Jonathan,Baldwin,KAN,WR,Pittsburgh
2011,1,27,Jimmy,Smith,BAL,DB,Colorado
2011,1,28,Mark,Ingram,NOR,RB,Alabama
2011,1,29,Gabe,Carimi,CHI,T,Wisconsin
2011,1,30,Muhammad,Wilkerson,NYJ,DT,Temple
2011,1,31,Cameron,Heyward,PIT,DE,Ohio St.
2011,1,32,Derek,Sherrod,GNB,T,Mississippi St.
2011,2,33,Ras-I,Dowling,NWE,DB,Virginia
2011,2,34,Aaron,Williams,BUF,DB,Texas
2011,2,35,Andy,Dalton,CIN,QB,TCU
2011,2,36,Colin,Kaepernick,SFO,QB,Nevada
2011,2,37,Jabaal,Sheard,CLE,DE,Pittsburgh
2011,2,38,Ryan,Williams,ARI,RB,Virginia Tech
2011,2,39,Akeem,Ayers,TEN,LB,UCLA
2011,2,40,Bruce,Carter,DAL,LB,North Carolina
2011,2,41,Jarvis,Jenkins,WAS,DT,Clemson
2011,2,42,Brooks,Reed,HOU,LB,Arizona
2011,2,43,Kyle,Rudolph,MIN,TE,Notre Dame
2011,2,44,Titus,Young,DET,WR,Boise St.
2011,2,45,Rahim,Moore,DEN,DB,UCLA
2011,2,46,Orlando,Franklin,DEN,T,Miami (FL)
2011,2,47,Lance,Kendricks,STL,TE,Wisconsin
2011,2,48,Stefen,Wisniewski,OAK,C,Penn St.
2011,2,49,Ben,Ijalana,IND,T,Villanova
2011,2,50,Marcus,Gilchrist,SDG,DB,Clemson
2011,2,51,Da'Quan,Bowers,TAM,DE,Clemson
2011,2,52,Marvin,Austin,NYG,DT,North Carolina
2011,2,53,Stephen,Paea,CHI,DT,Oregon St.
2011,2,54,Jaiquawn,Jarrett,PHI,DB,Temple
2011,2,55,Rodney,Hudson,KAN,C,Florida St.
2011,2,56,Shane,Vereen,NWE,RB,California
2011,2,57,Mikel,Leshoure,DET,RB,Illinois
2011,2,58,Torrey,Smith,BAL,WR,Maryland
2011,2,59,Greg,Little,CLE,WR,North Carolina
2011,2,60,Brandon,Harris,HOU,DB,Miami (FL)
2011,2,61,Jonas,Mouton,SDG,LB,Michigan
2011,2,62,Daniel,Thomas,MIA,RB,Kansas St.
2011,2,63,Marcus,Gilbert,PIT,T,Florida
2011,2,64,Randall,Cobb,GNB,WR,Kentucky
2011,3,65,Terrell,McClain,CAR,DT,South Florida
2011,3,66,Dontay,Moch,CIN,LB,Nevada
2011,3,67,Nate,Irving,DEN,LB,North Carolina St.
2011,3,68,Kelvin,Sheppard,BUF,LB,LSU
2011,3,69,Rob,Housler,ARI,TE,Florida Atlantic
2011,3,70,Justin,Houston,KAN,LB,Georgia
2011,3,71,DeMarco,Murray,DAL,RB,Oklahoma
2011,3,72,Martez,Wilson,NOR,LB,Illinois
2011,3,73,Stevan,Ridley,NWE,RB,LSU
2011,3,74,Ryan,Mallett,NWE,QB,Arkansas
2011,3,75,John,Moffitt,SEA,G,Wisconsin
2011,3,76,Will,Rackley,JAX,G,Lehigh
2011,3,77,Jurrell,Casey,TEN,DT,USC
2011,3,78,Austin,Pettis,STL,WR,Boise St.
2011,3,79,Leonard,Hankerson,WAS,WR,Miami (FL)
2011,3,80,Chris,Culliver,SFO,DB,South Carolina
2011,3,81,DeMarcus,VanDyke,OAK,DB,Miami (FL)
2011,3,82,Vincent,Brown,SDG,WR,San Diego St.
2011,3,83,Jerrel,Jernigan,NYG,WR,Troy
2011,3,84,Mason,Foster,TAM,LB,Washington
2011,3,85,Jah,Reid,BAL,T,Central Florida
2011,3,86,Allen,Bailey,KAN,DE,Miami (FL)
2011,3,87,Drake,Nevis,IND,DT,LSU
2011,3,88,Johnny,Patrick,NOR,DB,Louisville
2011,3,89,Shareece,Wright,SDG,DB,USC
2011,3,90,Curtis,Marsh,PHI,DB,Utah St.
2011,3,91,Akeem,Dent,ATL,LB,Georgia
2011,3,92,Joe,Barksdale,OAK,T,LSU
2011,3,93,Chris,Conte,CHI,DB,California
2011,3,94,Kenrick,Ellis,NYJ,DT,Hampton
2011,3,95,Curtis,Brown,PIT,DB,Texas
2011,3,96,Alex,Green,GNB,RB,Hawaii
2011,3,97,Sione,Fua,CAR,DT,Stanford
2011,3,0,Terrelle,Pryor,OAK,QB,Ohio St.
2011,4,98,Brandon,Hogan,CAR,DB,West Virginia
2011,4,99,K.J.,Wright,SEA,LB,Mississippi St.
2011,4,100,Da'Norris,Searcy,BUF,DB,North Carolina
2011,4,101,Clint,Boling,CIN,G,Georgia
2011,4,102,Jordan,Cameron,CLE,TE,USC
2011,4,103,Sam,Acho,ARI,DE,Texas
2011,4,104,Luke,Stocker,TAM,TE,Tennessee
2011,4,105,Roy,Helu,WAS,RB,Nebraska
2011,4,106,Christian,Ballard,MIN,DT,Iowa
2011,4,107,Kris,Durham,SEA,WR,Georgia
2011,4,108,Quinton,Carter,DEN,DB,Oklahoma
2011,4,109,Colin,McCarthy,TEN,LB,Miami (FL)
2011,4,110,David,Arkin,DAL,G,Missouri State
2011,4,111,Clyde,Gates,MIA,WR,Abilene Christian
2011,4,112,Greg,Salas,STL,WR,Hawaii
2011,4,113,Chimdi,Chekwa,OAK,DB,Ohio St.
2011,4,114,Cecil,Shorts,JAX,WR,Mount Union
2011,4,115,Kendall,Hunter,SFO,RB,Oklahoma St.
2011,4,116,Casey,Matthews,PHI,LB,Oregon
2011,4,117,James,Brewer,NYG,T,Indiana
2011,4,118,Jalil,Brown,KAN,DB,Colorado
2011,4,119,Delone,Carter,IND,RB,Syracuse
2011,4,120,Alex,Henery,PHI,K,Nebraska
2011,4,121,Chris,Prosinski,JAX,DB,Wyoming
2011,4,122,Chris,Hairston,BUF,T,Clemson
2011,4,123,Tandon,Doss,BAL,WR,Indiana
2011,4,124,Owen,Marecic,CLE,RB,Stanford
2011,4,125,Taiwan,Jones,OAK,RB,East. Washington
2011,4,126,Bilal,Powell,NYJ,RB,Louisville
2011,4,127,Roc,Carmichael,HOU,DB,Virginia Tech
2011,4,128,Cortez,Allen,PIT,DB,The Citadel
2011,4,129,Julius,Thomas,DEN,TE,Portland St.
2011,4,130,Jamie,Harper,TEN,RB,Clemson
2011,4,131,Davon,House,GNB,DB,New Mexico St.
2011,5,132,Kealoha,Pilares,CAR,WR,Hawaii
2011,5,133,Johnny,White,BUF,RB,North Carolina
2011,5,134,Robert,Sands,CIN,DB,West Virginia
2011,5,135,Ricky,Stanzi,KAN,QB,Iowa
2011,5,136,Anthony,Sherman,ARI,RB,Connecticut
2011,5,137,Buster,Skrine,CLE,DB,Tenn-Chattanooga
2011,5,138,Marcus,Cannon,NWE,T,TCU
2011,5,139,Brandon,Burton,MIN,DB,Southern Utah
2011,5,140,Gabe,Miller,KAN,LB,Oregon St.
2011,5,141,D.J.,Williams,GNB,TE,Arkansas
2011,5,142,Karl,Klug,TEN,DT,Iowa
2011,5,143,Josh,Thomas,DAL,DB,Buffalo
2011,5,144,Shiloh,Keo,HOU,DB,Idaho
2011,5,145,Jacquizz,Rodgers,ATL,RB,Oregon St.
2011,5,146,DeJon,Gomes,WAS,DB,Nebraska
2011,5,147,Rod,Issac,JAX,DB,Middle Tenn. St.
2011,5,148,Denarius,Moore,OAK,WR,Tennessee
2011,5,149,Dion,Lewis,PHI,RB,Pittsburgh
2011,5,150,Jason,Pinkston,CLE,T,Pittsburgh
2011,5,151,Ahmad,Black,TAM,DB,Florida
2011,5,152,T.J.,Yates,HOU,QB,North Carolina
2011,5,153,Jeremy,Kerley,NYJ,WR,TCU
2011,5,154,Richard,Sherman,SEA,DB,Stanford
2011,5,155,Niles,Paul,WAS,WR,Nebraska
2011,5,156,Mark,LeGree,SEA,DB,Appalachian St.
2011,5,157,Doug,Hogue,DET,LB,Syracuse
2011,5,158,Jermale,Hines,STL,DB,Ohio St.
2011,5,159,Lee,Smith,NWE,TE,Tennessee
2011,5,160,Nathan,Enderle,CHI,QB,Idaho
2011,5,161,Julian,Vandervelde,PHI,G,Iowa
2011,5,162,Chris,Carter,PIT,LB,Fresno St.
2011,5,163,Daniel,Kilgore,SFO,G,Appalachian St.
2011,5,164,Chykie,Brown,BAL,DB,Texas
2011,5,165,Pernell,McPhee,BAL,DE,Mississippi St.
2011,6,166,Lawrence,Wilson,CAR,LB,Central Connecticut St.
2011,6,167,Ryan,Whalen,CIN,WR,Stanford
2011,6,168,Demarcus,Love,MIN,OL,Arkansas
2011,6,169,Chris,White,BUF,LB,Mississippi St.
2011,6,170,Mistral,Raymond,MIN,DB,South Florida
2011,6,171,Quan,Sturdivant,ARI,LB,North Carolina
2011,6,172,Brandon,Fusco,MIN,C,Slippery Rock
2011,6,173,Byron,Maxwell,SEA,DB,Clemson
2011,6,174,Charles,Clay,MIA,TE,Tulsa
2011,6,175,Byron,Stingily,TEN,T,Louisville
2011,6,176,Dwayne,Harris,DAL,WR,East Carolina
2011,6,177,Evan,Royster,WAS,RB,Penn St.
2011,6,178,Aldrick,Robinson,WAS,WR,SMU
2011,6,179,Caleb,Schlauderaff,GNB,G,Southern Utah
2011,6,180,Tyrod,Taylor,BAL,QB,Virginia Tech
2011,6,181,Richard,Gordon,OAK,TE,Miami (FL)
2011,6,182,Ronald,Johnson,SFO,WR,USC
2011,6,183,Jordan,Todman,SDG,RB,Connecticut
2011,6,184,David,Carter,ARI,DT,UCLA
2011,6,185,Greg,Jones,NYG,LB,Michigan St.
2011,6,186,D.J.,Smith,GNB,LB,Appalachian St.
2011,6,187,Allen,Bradford,TAM,RB,USC
2011,6,188,Chris,Rucker,IND,DB,Michigan St.
2011,6,189,Mike,Mohamed,DEN,LB,California
2011,6,190,Colin,Jones,SFO,DB,TCU
2011,6,191,Jason,Kelce,PHI,C,Cincinnati
2011,6,192,Matthew,Bosher,ATL,K,Miami (FL)
2011,6,193,Brian,Rolle,PHI,LB,Ohio St.
2011,6,194,Markell,Carter,NWE,LB,Central Arkansas
2011,6,195,J.T.,Thomas,CHI,LB,West Virginia
2011,6,196,Keith,Williams,PIT,G,Nebraska
2011,6,197,Ricky,Elmore,GNB,DL,Arizona
2011,6,198,Tyler,Sash,NYG,DB,Iowa
2011,6,199,Jerrell,Powe,KAN,DT,Mississippi
2011,6,200,Ross,Homan,MIN,LB,Ohio St.
2011,6,201,Stephen,Schilling,SDG,G,Michigan
2011,6,202,Jacquian,Williams,NYG,LB,South Florida
2011,6,203,Zachary,Williams,CAR,OL,Washington St.
2011,7,204,Virgil,Green,DEN,TE,Nevada
2011,7,205,Lazarius,Levingston,SEA,DL,LSU
2011,7,206,Justin,Rogers,BUF,DB,Richmond
2011,7,207,Korey,Lindsey,CIN,DB,Southern Illinois
2011,7,208,Greg,McElroy,NYJ,QB,Alabama
2011,7,209,Johnny,Culbreath,DET,OL,South Carolina St.
2011,7,210,Andrew,Jackson,ATL,OL,Fresno St.
2011,7,211,Bruce,Miller,SFO,DE,Central Florida
2011,7,212,Zach,Clayton,TEN,DT,Auburn
2011,7,213,Brandyn,Thompson,WAS,DB,Boise St.
2011,7,214,Derek,Newton,HOU,T,Arkansas St.
2011,7,215,D'Aundre,Reed,MIN,DE,Arizona
2011,7,216,Mikail,Baker,STL,DB,Baylor
2011,7,217,Maurice,Hurt,WAS,G,Florida
2011,7,218,Ryan,Taylor,GNB,TE,North Carolina
2011,7,219,Malcolm,Williams,NWE,DB,TCU
2011,7,220,Shaun,Chapas,DAL,RB,Georgia
2011,7,221,Da'Rel,Scott,NYG,RB,Maryland
2011,7,222,Anthony,Gaitor,TAM,DB,Florida International
2011,7,223,Shane,Bannon,KAN,RB,Yale
2011,7,224,Markus,White,WAS,DE,Florida St.
2011,7,225,Anthony,Allen,BAL,RB,Georgia Tech
2011,7,226,Greg,Romeus,NOR,DL,Pittsburgh
2011,7,227,Scotty,McKnight,NYJ,WR,Colorado
2011,7,228,Jabara,Williams,STL,LB,S.F. Austin
2011,7,229,Jonathan,Nelson,STL,DB,Oklahoma
2011,7,230,Cliff,Matthews,ATL,DE,South Carolina
2011,7,231,Frank,Kearse,MIA,DT,Alabama A&M
2011,7,232,Baron,Batch,PIT,RB,Texas Tech
2011,7,233,Lawrence,Guy,GNB,DT,Arizona St.
2011,7,234,Andrew,Gachkar,SDG,LB,Missouri
2011,7,235,Jimmy,Wilson,MIA,DB,Montana
2011,7,236,Stephen,Burton,MIN,WR,Long Beach CC
2011,7,237,Greg,Lloyd,PHI,LB,Connecticut
2011,7,238,Daniel,Hardy,TAM,TE,Idaho
2011,7,239,Michael,Person,SFO,G,Montana St.
2011,7,240,Stanley,Havili,PHI,RB,USC
2011,7,241,David,Ausberry,OAK,WR,USC
2011,7,242,Malcolm,Smith,SEA,LB,USC
2011,7,243,Nate,Bussey,NOR,LB,Illinois
2011,7,244,Lee,Ziemba,CAR,T,Auburn
2011,7,245,Michael,Jasper,BUF,DT,
2011,7,246,Jay,Finley,CIN,RB,Baylor
2011,7,247,Jeremy,Beal,DEN,DL,Oklahoma
2011,7,248,Eric,Hagg,CLE,DB,Nebraska
2011,7,249,DeMarco,Sampson,ARI,WR,San Diego St.
2011,7,250,Curtis,Holcomb,SFO,DB,Florida A&M
2011,7,251,Tommie,Campbell,TEN,DB,Pittsburgh
2011,7,252,Bill,Nagy,DAL,G,Wisconsin
2011,7,253,Chris,Neild,WAS,DT,West Virginia
2011,7,254,Cheta,Ozougwu,HOU,DE,Rice
2012,1,1,Andrew,Luck,IND,QB,Stanford
2012,1,2,Robert,Griffin,WAS,QB,Baylor
2012,1,3,Trent,Richardson,CLE,RB,Alabama
2012,1,4,Matt,Kalil,MIN,T,USC
2012,1,5,Justin,Blackmon,JAX,WR,Oklahoma St.
2012,1,6,Morris,Claiborne,DAL,DB,LSU
2012,1,7,Mark,Barron,TAM,DB,Alabama
2012,1,8,Ryan,Tannehill,MIA,QB,Texas A&M
2012,1,9,Luke,Kuechly,CAR,LB,Boston Col.
2012,1,10,Stephon,Gilmore,BUF,DB,South Carolina
2012,1,11,Dontari,Poe,KAN,DT,Memphis
2012,1,12,Fletcher,Cox,PHI,DT,Mississippi St.
2012,1,13,Michael,Floyd,ARI,WR,Notre Dame
2012,1,14,Michael,Brockers,STL,DT,LSU
2012,1,15,Bruce,Irvin,SEA,DE,West Virginia
2012,1,16,Quinton,Coples,NYJ,DE,North Carolina
2012,1,17,Dre,Kirkpatrick,CIN,DB,Alabama
2012,1,18,Melvin,Ingram,SDG,DE,South Carolina
2012,1,19,Shea,McClellin,CHI,DE,Boise St.
2012,1,20,Kendall,Wright,TEN,WR,Baylor
2012,1,21,Chandler,Jones,NWE,DE,Syracuse
2012,1,22,Brandon,Weeden,CLE,QB,Oklahoma St.
2012,1,23,Riley,Reiff,DET,T,Iowa
2012,1,24,David,DeCastro,PIT,G,Stanford
2012,1,25,Dont'a,Hightower,NWE,LB,Alabama
2012,1,26,Whitney,Mercilus,HOU,DE,Illinois
2012,1,27,Kevin,Zeitler,CIN,G,Wisconsin
2012,1,28,Nick,Perry,GNB,DE,USC
2012,1,29,Harrison,Smith,MIN,DB,Notre Dame
2012,1,30,A.J.,Jenkins,SFO,WR,Illinois
2012,1,31,Doug,Martin,TAM,RB,Boise St.
2012,1,32,David,Wilson,NYG,RB,Virginia Tech
2012,2,33,Brian,Quick,STL,WR,Appalachian St.
2012,2,34,Coby,Fleener,IND,TE,Stanford
2012,2,35,Courtney,Upshaw,BAL,LB,Alabama
2012,2,36,Derek,Wolfe,DEN,DT,Cincinnati
2012,2,37,Mitchell,Schwartz,CLE,T,California
2012,2,38,Andre,Branch,JAX,LB,Clemson
2012,2,39,Janoris,Jenkins,STL,DB,North Alabama
2012,2,40,Amini,Silatolu,CAR,G,Midwestern St.
2012,2,41,Cordy,Glenn,BUF,G,Georgia
2012,2,42,Jonathan,Martin,MIA,T,Stanford
2012,2,43,Stephen,Hill,NYJ,WR,Georgia Tech
2012,2,44,Jeff,Allen,KAN,T,Illinois
2012,2,45,Alshon,Jeffery,CHI,WR,South Carolina
2012,2,46,Mychal,Kendricks,PHI,LB,California
2012,2,47,Bobby,Wagner,SEA,LB,Utah St.
2012,2,48,Tavon,Wilson,NWE,DB,Illinois
2012,2,49,Kendall,Reyes,SDG,DT,Connecticut
2012,2,50,Isaiah,Pead,STL,RB,Cincinnati
2012,2,51,Jerel,Worthy,GNB,DT,Michigan St.
2012,2,52,Zach,Brown,TEN,LB,North Carolina
2012,2,53,Devon,Still,CIN,DT,Penn St.
2012,2,54,Ryan,Broyles,DET,WR,Oklahoma
2012,2,55,Peter,Konz,ATL,C,Wisconsin
2012,2,56,Mike,Adams,PIT,T,Ohio St.
2012,2,57,Brock,Osweiler,DEN,QB,Arizona St.
2012,2,58,Lavonte,David,TAM,LB,Nebraska
2012,2,59,Vinny,Curry,PHI,DE,Marshall
2012,2,60,Kelechi,Osemele,BAL,T,Iowa St.
2012,2,61,LaMichael,James,SFO,RB,Oregon
2012,2,62,Casey,Hayward,GNB,DB,Vanderbilt
2012,2,63,Rueben,Randle,NYG,WR,LSU
2012,2,0,Josh,Gordon,CLE,WR,Utah
2012,3,64,Dwayne,Allen,IND,TE,Clemson
2012,3,65,Trumaine,Johnson,STL,DB,Montana
2012,3,66,Josh,Robinson,MIN,DB,Central Florida
2012,3,67,Ronnie,Hillman,DEN,RB,San Diego St.
2012,3,68,DeVier,Posey,HOU,WR,Ohio St.
2012,3,69,T.J.,Graham,BUF,WR,North Carolina St.
2012,3,70,Bryan,Anger,JAX,P,California
2012,3,71,Josh,LeRibeus,WAS,G,SMU
2012,3,72,Olivier,Vernon,MIA,LB,Miami (FL)
2012,3,73,Brandon,Taylor,SDG,DB,LSU
2012,3,74,Donald,Stephenson,KAN,T,Oklahoma
2012,3,75,Russell,Wilson,SEA,QB,Wisconsin
2012,3,76,Brandon,Brooks,HOU,G,Miami (OH)
2012,3,77,Demario,Davis,NYJ,LB,Arkansas St.
2012,3,78,Michael,Egnew,MIA,TE,Missouri
2012,3,79,Brandon,Hardin,CHI,DB,Oregon St.
2012,3,80,Jamell,Fleming,ARI,DB,Oklahoma
2012,3,81,Tyrone,Crawford,DAL,DE,Boise St.
2012,3,82,Mike,Martin,TEN,DT,Michigan
2012,3,83,Mohamed,Sanu,CIN,WR,Rutgers
2012,3,84,Bernard,Pierce,BAL,RB,Temple
2012,3,85,Bill,Bentley,DET,DB,
2012,3,86,Sean,Spence,PIT,LB,Miami (FL)
2012,3,87,John,Hughes,CLE,DT,Cincinnati
2012,3,88,Nick,Foles,PHI,QB,Arizona
2012,3,89,Akiem,Hicks,NOR,DE,
2012,3,90,Jake,Bequette,NWE,DE,Arkansas
2012,3,91,Lamar,Holmes,ATL,T,Southern Miss
2012,3,92,T.Y.,Hilton,IND,WR,Florida International
2012,3,93,Brandon,Thompson,CIN,DT,Clemson
2012,3,94,Jayron,Hosley,NYG,DB,Virginia Tech
2012,3,95,Tony,Bergstrom,OAK,T,Utah
2012,4,96,Chris,Givens,STL,WR,Wake Forest
2012,4,97,Lamar,Miller,MIA,RB,Miami (FL)
2012,4,98,Gino,Gradkowski,BAL,G,Delaware
2012,4,99,Ben,Jones,HOU,C,Georgia
2012,4,100,Travis,Benjamin,CLE,WR,Miami (FL)
2012,4,101,Omar,Bolden,DEN,DB,Arizona St.
2012,4,102,Kirk,Cousins,WAS,QB,Michigan St.
2012,4,103,Frank,Alexander,CAR,DE,Oklahoma
2012,4,104,Joe,Adams,CAR,WR,Arkansas
2012,4,105,Nigel,Bradham,BUF,LB,Florida St.
2012,4,106,Robert,Turbin,SEA,RB,Utah St.
2012,4,107,Devon,Wylie,KAN,WR,Fresno St.
2012,4,108,Philip,Blake,DEN,OL,Baylor
2012,4,109,Alameda,Ta'amu,PIT,DT,Washington
2012,4,110,Ladarius,Green,SDG,TE,
2012,4,111,Evan,Rodriguez,CHI,TE,Temple
2012,4,112,Bobby,Massie,ARI,T,Mississippi
2012,4,113,Kyle,Wilber,DAL,LB,Wake Forest
2012,4,114,Jaye,Howard,SEA,DT,Florida
2012,4,115,Coty,Sensabaugh,TEN,DB,Clemson
2012,4,116,Orson,Charles,CIN,TE,Georgia
2012,4,117,Joe,Looney,SFO,G,Wake Forest
2012,4,118,Jarius,Wright,MIN,WR,Arkansas
2012,4,119,Keenan,Robinson,WAS,LB,Texas
2012,4,120,James-Michael,Johnson,CLE,LB,Nevada
2012,4,121,Keshawn,Martin,HOU,WR,Michigan St.
2012,4,122,Nick,Toon,NOR,WR,Wisconsin
2012,4,123,Brandon,Boykin,PHI,DB,Georgia
2012,4,124,Ron,Brooks,BUF,DB,LSU
2012,4,125,Ronnell,Lewis,DET,LB,Oklahoma
2012,4,126,Jared,Crick,HOU,DE,Nebraska
2012,4,127,Adrien,Robinson,NYG,TE,Cincinnati
2012,4,128,Rhett,Ellison,MIN,RB,USC
2012,4,129,Miles,Burris,OAK,LB,San Diego St.
2012,4,130,Christian,Thompson,BAL,DB,South Carolina St.
2012,4,131,Brandon,Mosley,NYG,T,Auburn
2012,4,132,Mike,Daniels,GNB,DT,Iowa
2012,4,133,Jerron,McMillian,GNB,DB,Maine
2012,4,134,Greg,Childs,MIN,WR,Arkansas
2012,4,135,Matt,Johnson,DAL,DB,East. Washington
2012,5,136,Josh,Chapman,IND,NT,Alabama
2012,5,137,Malik,Jackson,DEN,DT,Tennessee
2012,5,138,Tahir,Whitehead,DET,LB,Temple
2012,5,139,Robert,Blanton,MIN,DB,Notre Dame
2012,5,140,Najee,Goode,TAM,LB,West Virginia
2012,5,141,Adam,Gettis,WAS,G,Iowa
2012,5,142,Brandon,Marshall,JAX,LB,Nevada
2012,5,143,Josh,Norman,CAR,DB,Coastal Carolina
2012,5,144,Zebrie,Sanders,BUF,OL,Florida St.
2012,5,145,Taylor,Thompson,TEN,TE,SMU
2012,5,146,DeQuan,Menzie,KAN,DB,Alabama
2012,5,147,Tank,Carder,BUF,LB,TCU
2012,5,148,Chris,Greenwood,DET,DB,Albion
2012,5,149,Johnnie,Troutman,SDG,G,Penn St.
2012,5,150,Rokevious,Watkins,STL,G,South Carolina
2012,5,151,Senio,Kelemete,ARI,G,Washington
2012,5,152,Danny,Coale,DAL,WR,Virginia Tech
2012,5,153,Dennis,Kelly,PHI,T,Purdue
2012,5,154,Korey,Toomer,SEA,LB,Idaho
2012,5,155,Josh,Kaddu,MIA,LB,Oregon
2012,5,156,Shaun,Prater,CIN,DB,Iowa
2012,5,157,Bradie,Ewing,ATL,RB,Wisconsin
2012,5,158,Jack,Crawford,OAK,DE,Penn St.
2012,5,159,Chris,Rainey,PIT,RB,Florida
2012,5,160,Ryan,Miller,CLE,G,Colorado
2012,5,161,Randy,Bullock,HOU,K,Texas A&M
2012,5,162,Corey,White,NOR,DB,Samford
2012,5,163,Terrell,Manning,GNB,LB,North Carolina St.
2012,5,164,Jonathan,Massaquoi,ATL,DE,Troy
2012,5,165,Darius,Fleming,SFO,LB,Notre Dame
2012,5,166,Marvin,Jones,CIN,WR,California
2012,5,167,George,Iloka,CIN,DB,Boise St.
2012,5,168,Juron,Criner,OAK,WR,Arizona
2012,5,169,Asa,Jackson,BAL,DB,
2012,5,170,Vick,Ballard,IND,RB,Mississippi St.
2012,6,171,Greg,Zuerlein,STL,K,
2012,6,172,Jeremy,Lane,SEA,DB,NW State (LA)
2012,6,173,Alfred,Morris,WAS,RB,Florida Atlantic
2012,6,174,Keith,Tandy,TAM,DB,West Virginia
2012,6,175,Blair,Walsh,MIN,K,Georgia
2012,6,176,Mike,Harris,JAX,DB,Florida St.
2012,6,177,Justin,Bethel,ARI,DB,Presbyterian
2012,6,178,Mark,Asper,BUF,G,Oregon
2012,6,179,Andrew,Tiller,NOR,G,Syracuse
2012,6,180,Trent,Robinson,SFO,DB,Michigan St.
2012,6,181,Winston,Guy,SEA,DB,Kentucky
2012,6,182,Cyrus,Gray,KAN,RB,Texas A&M
2012,6,183,B.J.,Cunningham,MIA,WR,Michigan St.
2012,6,184,Isaiah,Frey,CHI,DB,Nevada
2012,6,185,Ryan,Lindley,ARI,QB,San Diego St.
2012,6,186,James,Hanna,DAL,TE,Oklahoma
2012,6,187,Josh,Bush,NYJ,DB,Wake Forest
2012,6,188,Danny,Trevathan,DEN,LB,Kentucky
2012,6,189,Christo,Bilukidi,OAK,DE,
2012,6,190,Markelle,Martin,TEN,DB,Oklahoma St.
2012,6,191,Dan,Herron,CIN,RB,Ohio St.
2012,6,192,Charles,Mitchell,ATL,DB,Mississippi St.
2012,6,193,Tom,Compton,WAS,T,South Dakota
2012,6,194,Marvin,McNutt,PHI,WR,Iowa
2012,6,195,Nick,Mondek,HOU,OL,Purdue
2012,6,196,Jonte,Green,DET,DB,New Mexico St.
2012,6,197,Nate,Ebner,NWE,DB,Ohio St.
2012,6,198,Tommy,Streeter,BAL,WR,Miami (FL)
2012,6,199,Jason,Slowey,SFO,OL,Western Oregon
2012,6,200,Brandon,Washington,PHI,G,Miami (FL)
2012,6,201,Matt,McCants,NYG,T,
2012,6,202,Terrance,Ganaway,NYJ,RB,Baylor
2012,6,203,Robert,Griffin,NYJ,OL,Baylor
2012,6,204,Emmanuel,Acho,CLE,LB,Texas
2012,6,205,Billy,Winn,CLE,DT,Boise St.
2012,6,206,LaVon,Brazill,IND,WR,Ohio
2012,6,207,Brad,Nortman,CAR,P,Wisconsin
2012,7,208,Justin,Anderson,IND,OL,Georgia
2012,7,209,Aaron,Brown,STL,LB,Hawaii
2012,7,210,Audie,Cole,MIN,LB,North Carolina St.
2012,7,211,Scott,Solomon,TEN,DE,Rice
2012,7,212,Michael,Smith,TAM,RB,Utah St.
2012,7,213,Richard,Crawford,WAS,DB,SMU
2012,7,214,Tim,Fugger,IND,DE,Vanderbilt
2012,7,215,Kheeston,Randall,MIA,DT,Texas
2012,7,216,D.J.,Campbell,CAR,DB,California
2012,7,217,Jordan,Bernstine,WAS,DB,Iowa
2012,7,218,Jerome,Long,KAN,DT,San Diego St.
2012,7,219,Trevor,Guyton,MIN,DE,California
2012,7,220,Greg,McCoy,CHI,DB,TCU
2012,7,221,Nate,Potter,ARI,T,Boise St.
2012,7,222,Caleb,McSurdy,DAL,LB,Montana
2012,7,223,Travis,Lewis,DET,LB,Oklahoma
2012,7,224,Alfonzo,Dennard,NWE,DB,Nebraska
2012,7,225,J.R.,Sweezy,SEA,DT,North Carolina St.
2012,7,226,David,Molk,SDG,C,Michigan
2012,7,227,Rishard,Matthews,MIA,WR,Nevada
2012,7,228,Jeris,Pendleton,JAX,DT,Ashland
2012,7,229,Bryce,Brown,PHI,RB,Kansas St.
2012,7,230,Nathan,Stupar,OAK,LB,Penn St.
2012,7,231,Toney,Clemons,PIT,WR,Colorado
2012,7,232,Greg,Scruggs,SEA,DE,Louisville
2012,7,233,Drake,Dunsmore,TAM,TE,Northwestern
2012,7,234,Marcel,Jones,NOR,OL,Nebraska
2012,7,235,Jeremy,Ebert,NWE,WR,Northwestern
2012,7,236,DeAngelo,Tyson,BAL,DT,Georgia
2012,7,237,Cam,Johnson,SFO,DE,Virginia
2012,7,238,Junior,Hemingway,KAN,WR,Michigan
2012,7,239,Markus,Kuhn,NYG,DT,North Carolina St.
2012,7,240,David,Paulson,PIT,TE,Oregon
2012,7,241,Andrew,Datko,GNB,OL,Florida St.
2012,7,242,Antonio,Allen,NYJ,DB,South Carolina
2012,7,243,B.J.,Coleman,GNB,QB,Tenn-Chattanooga
2012,7,244,Jordan,White,NYJ,WR,West. Michigan
2012,7,245,Trevin,Wade,CLE,DB,Arizona
2012,7,246,Terrence,Frederick,PIT,DB,Texas A&M
2012,7,247,Brad,Smelley,CLE,TE,Alabama
2012,7,248,Kelvin,Beachum,PIT,T,SMU
2012,7,249,Travian,Robertson,ATL,DT,South Carolina
2012,7,250,Edwin,Baker,SDG,RB,Michigan St.
2012,7,251,John,Potter,BUF,K,West. Michigan
2012,7,252,Daryl,Richardson,STL,RB,Abilene Christian
2012,7,253,Chandler,Harnish,IND,QB,Northern Illinois
2013,1,1,Eric,Fisher,KAN,T,Central Michigan
2013,1,2,Luke,Joeckel,JAX,T,Texas A&M
2013,1,3,Dion,Jordan,MIA,DE,Oregon
2013,1,4,Lane,Johnson,PHI,T,Oklahoma
2013,1,5,Ezekiel,Ansah,DET,DE,BYU
2013,1,6,Barkevious,Mingo,CLE,LB,LSU
2013,1,7,Jonathan,Cooper,ARI,G,North Carolina
2013,1,8,Tavon,Austin,STL,WR,West Virginia
2013,1,9,Dee,Milliner,NYJ,DB,Alabama
2013,1,10,Chance,Warmack,TEN,G,Alabama
2013,1,11,D.J.,Fluker,SDG,T,Alabama
2013,1,12,D.J.,Hayden,OAK,DB,Houston
2013,1,13,Sheldon,Richardson,NYJ,DT,Missouri
2013,1,14,Star,Lotulelei,CAR,DT,Utah
2013,1,15,Kenny,Vaccaro,NOR,DB,Texas
2013,1,16,EJ,Manuel,BUF,QB,Florida St.
2013,1,17,Jarvis,Jones,PIT,LB,Georgia
2013,1,18,Eric,Reid,SFO,DB,LSU
2013,1,19,Justin,Pugh,NYG,T,Syracuse
2013,1,20,Kyle,Long,CHI,G,Oregon
2013,1,21,Tyler,Eifert,CIN,TE,Notre Dame
2013,1,22,Desmond,Trufant,ATL,DB,Washington
2013,1,23,Sharrif,Floyd,MIN,DT,Florida
2013,1,24,Bjoern,Werner,IND,DE,Florida St.
2013,1,25,Xavier,Rhodes,MIN,DB,Florida St.
2013,1,26,Datone,Jones,GNB,DE,UCLA
2013,1,27,DeAndre,Hopkins,HOU,WR,Clemson
2013,1,28,Sylvester,Williams,DEN,DT,North Carolina
2013,1,29,Cordarrelle,Patterson,MIN,WR,Tennessee
2013,1,30,Alec,Ogletree,STL,LB,Georgia
2013,1,31,Travis,Frederick,DAL,C,Wisconsin
2013,1,32,Matt,Elam,BAL,DB,Florida
2013,2,33,Johnathan,Cyprien,JAX,DB,Florida International
2013,2,34,Justin,Hunter,TEN,WR,Tennessee
2013,2,35,Zach,Ertz,PHI,TE,Stanford
2013,2,36,Darius,Slay,DET,DB,Mississippi St.
2013,2,37,Giovani,Bernard,CIN,RB,North Carolina
2013,2,38,Manti,Te'o,SDG,LB,Notre Dame
2013,2,39,Geno,Smith,NYJ,QB,West Virginia
2013,2,40,Tank,Carradine,SFO,DE,Florida St.
2013,2,41,Robert,Woods,BUF,WR,USC
2013,2,42,Menelik,Watson,OAK,T,Florida St.
2013,2,43,Johnthan,Banks,TAM,DB,Mississippi St.
2013,2,44,Kawann,Short,CAR,DT,Purdue
2013,2,45,Kevin,Minter,ARI,LB,LSU
2013,2,46,Kiko,Alonso,BUF,LB,Oregon
2013,2,47,Gavin,Escobar,DAL,TE,San Diego St.
2013,2,48,Le'Veon,Bell,PIT,RB,Michigan St.
2013,2,49,Johnathan,Hankins,NYG,DT,Ohio St.
2013,2,50,Jonathan,Bostic,CHI,LB,Florida
2013,2,51,David,Amerson,WAS,DB,North Carolina St.
2013,2,52,Jamie,Collins,NWE,LB,Southern Miss
2013,2,53,Margus,Hunt,CIN,DE,SMU
2013,2,54,Jamar,Taylor,MIA,DB,Boise St.
2013,2,55,Vance,McDonald,SFO,TE,Rice
2013,2,56,Arthur,Brown,BAL,LB,Kansas St.
2013,2,57,D.J.,Swearinger,HOU,DB,South Carolina
2013,2,58,Montee,Ball,DEN,RB,Wisconsin
2013,2,59,Aaron,Dobson,NWE,WR,Marshall
2013,2,60,Robert,Alford,ATL,DB,SE Louisiana
2013,2,61,Eddie,Lacy,GNB,RB,Alabama
2013,2,62,Christine,Michael,SEA,RB,Texas A&M
2013,3,63,Travis,Kelce,KAN,TE,Cincinnati
2013,3,64,Dwayne,Gratz,JAX,DB,Connecticut
2013,3,65,Larry,Warford,DET,G,Kentucky
2013,3,66,Sio,Moore,OAK,LB,Connecticut
2013,3,67,Bennie,Logan,PHI,DT,LSU
2013,3,68,Leon,McFadden,CLE,DB,San Diego St.
2013,3,69,Tyrann,Mathieu,ARI,DB,LSU
2013,3,70,Blidi,Wreh-Wilson,TEN,DB,Connecticut
2013,3,71,T.J.,McDonald,STL,DB,USC
2013,3,72,Brian,Winters,NYJ,G,Kent St.
2013,3,73,Mike,Glennon,TAM,QB,North Carolina St.
2013,3,74,Terrance,Williams,DAL,WR,Baylor
2013,3,75,Terron,Armstead,NOR,T,Ark-Pine Bluff
2013,3,76,Keenan,Allen,SDG,WR,California
2013,3,77,Dallas,Thomas,MIA,T,Tennessee
2013,3,78,Marquise,Goodwin,BUF,WR,Texas
2013,3,79,Markus,Wheaton,PIT,WR,Oregon St.
2013,3,80,J.J.,Wilcox,DAL,DB,Georgia Southern
2013,3,81,Damontre,Moore,NYG,DE,Texas A&M
2013,3,82,John,Jenkins,NOR,DT,Georgia
2013,3,83,Logan,Ryan,NWE,DB,Rutgers
2013,3,84,Shawn,Williams,CIN,DB,Georgia
2013,3,85,Jordan,Reed,WAS,TE,Florida
2013,3,86,Hugh,Thornton,IND,G,Illinois
2013,3,87,Jordan,Hill,SEA,DT,Penn St.
2013,3,88,Corey,Lemonier,SFO,DE,Auburn
2013,3,89,Brennan,Williams,HOU,OL,North Carolina
2013,3,90,Kayvon,Webster,DEN,DB,South Florida
2013,3,91,Duron,Harmon,NWE,DB,Rutgers
2013,3,92,Stedman,Bailey,STL,WR,West Virginia
2013,3,93,Will,Davis,MIA,DB,Utah St.
2013,3,94,Brandon,Williams,BAL,DT,Missouri Southern
2013,3,95,Sam,Montgomery,HOU,DE,LSU
2013,3,96,Knile,Davis,KAN,RB,Arkansas
2013,3,97,Zaviar,Gooden,TEN,LB,Missouri
2013,4,98,Matt,Barkley,PHI,QB,USC
2013,4,99,Nico,Johnson,KAN,LB,Alabama
2013,4,100,Akeem,Spence,TAM,DT,Illinois
2013,4,101,Ace,Sanders,JAX,WR,South Carolina
2013,4,102,Josh,Boyce,NWE,WR,TCU
2013,4,103,Alex,Okafor,ARI,DE,Texas
2013,4,104,Jelani,Jenkins,MIA,LB,Florida
2013,4,105,Duke,Williams,BUF,DB,Nevada
2013,4,106,Dion,Sims,MIA,TE,Michigan St.
2013,4,107,Brian,Schwenke,TEN,C,California
2013,4,108,Edmund,Kugbila,CAR,OL,Valdosta St.
2013,4,109,David,Bakhtiari,GNB,T,Colorado
2013,4,110,Ryan,Nassib,NYG,QB,Syracuse
2013,4,111,Shamarko,Thomas,PIT,DB,Syracuse
2013,4,112,Tyler,Wilson,OAK,QB,Arkansas
2013,4,113,Barrett,Jones,STL,G,Alabama
2013,4,114,B.W.,Webb,DAL,DB,William & Mary
2013,4,115,Landry,Jones,PIT,QB,Oklahoma
2013,4,116,Earl,Watford,ARI,G,James Madison
2013,4,117,Khaseem,Greene,CHI,LB,Rutgers
2013,4,118,Sean,Porter,CIN,LB,Texas A&M
2013,4,119,Phillip,Thomas,WAS,DB,Fresno St.
2013,4,120,Gerald,Hodges,MIN,LB,Penn St.
2013,4,121,Khaled,Holmes,IND,C,USC
2013,4,122,J.C.,Tretter,GNB,T,Cornell
2013,4,123,Chris,Harper,SEA,WR,Kansas St.
2013,4,124,Trevardo,Williams,HOU,DE,Connecticut
2013,4,125,Johnathan,Franklin,GNB,RB,UCLA
2013,4,126,William,Gholston,TAM,DE,Michigan St.
2013,4,127,Malliciah,Goodman,ATL,DE,Clemson
2013,4,128,Quinton,Patton,SFO,WR,Louisiana Tech
2013,4,129,John,Simon,BAL,DE,Ohio St.
2013,4,130,Kyle,Juszczyk,BAL,RB,Harvard
2013,4,131,Marcus,Lattimore,SFO,RB,South Carolina
2013,4,132,Devin,Taylor,DET,DE,South Carolina
2013,4,133,Levine,Toilolo,ATL,TE,Stanford
2013,5,134,Sanders,Commings,KAN,DB,Georgia
2013,5,135,Denard,Robinson,JAX,WR,Michigan
2013,5,136,Earl,Wolff,PHI,DB,North Carolina St.
2013,5,137,Jesse,Williams,SEA,DT,Alabama
2013,5,138,Tharold,Simon,SEA,DB,LSU
2013,5,139,Montori,Hughes,IND,DT,Tenn-Martin
2013,5,140,Stepfan,Taylor,ARI,RB,Stanford
2013,5,141,Oday,Aboushi,NYJ,T,Virginia
2013,5,142,Lavar,Edwards,TEN,DE,LSU
2013,5,143,Jonathan,Meeks,BUF,DB,Clemson
2013,5,144,Kenny,Stills,NOR,WR,Oklahoma
2013,5,145,Steve,Williams,SDG,DB,California
2013,5,146,Quanterus,Smith,DEN,DE,West. Kentucky
2013,5,147,Steven,Means,TAM,DE,Buffalo
2013,5,148,A.J.,Klein,CAR,LB,Iowa St.
2013,5,149,Brandon,McGee,STL,DB,Miami (FL)
2013,5,150,Terry,Hawthorne,PIT,DB,Illinois
2013,5,151,Joseph,Randle,DAL,RB,Oklahoma St.
2013,5,152,Cooper,Taylor,NYG,DB,Richmond
2013,5,153,Stansly,Maponga,ATL,DE,TCU
2013,5,154,Chris,Thompson,WAS,RB,Florida St.
2013,5,155,Jeff,Locke,MIN,P,UCLA
2013,5,156,Tanner,Hawkinson,CIN,T,Kansas
2013,5,157,Quinton,Dial,SFO,DE,Alabama
2013,5,158,Luke,Willson,SEA,TE,Rice
2013,5,159,Micah,Hyde,GNB,DB,Iowa
2013,5,160,Zac,Stacy,STL,RB,Vanderbilt
2013,5,161,Tavarres,King,DEN,WR,Georgia
2013,5,162,Brandon,Jenkins,WAS,DE,Florida St.
2013,5,163,Jordan,Mills,CHI,T,Louisiana Tech
2013,5,164,Mike,Gillislee,MIA,RB,Florida
2013,5,165,Sam,Martin,DET,P,Appalachian St.
2013,5,166,Caleb,Sturgis,MIA,K,Florida
2013,5,167,Josh,Boyd,GNB,DE,Mississippi St.
2013,5,168,Ricky,Wagner,BAL,T,Wisconsin
2013,6,169,Josh,Evans,JAX,DB,Florida
2013,6,170,Eric,Kush,KAN,C,California (PA)
2013,6,171,Corey,Fuller,DET,WR,Virginia Tech
2013,6,172,Nick,Kasa,OAK,TE,Colorado
2013,6,173,Vinston,Painter,DEN,G,Virginia Tech
2013,6,174,Ryan,Swope,ARI,WR,Texas A&M
2013,6,175,Jamoris,Slaughter,CLE,DB,Notre Dame
2013,6,176,David,Quessenberry,HOU,OL,San Jose St.
2013,6,177,Dustin,Hopkins,BUF,K,Florida St.
2013,6,178,William,Campbell,NYJ,OL,Michigan
2013,6,179,Tourek,Williams,SDG,DE,Florida International
2013,6,180,Nick,Moody,SFO,LB,Florida St.
2013,6,181,Latavius,Murray,OAK,RB,Central Florida
2013,6,182,Kenjon,Barner,CAR,RB,Oregon
2013,6,183,Rufus,Johnson,NOR,DE,Tarleton St.
2013,6,184,Mychal,Rivera,OAK,TE,Tennessee
2013,6,185,DeVonte,Holloman,DAL,LB,South Carolina
2013,6,186,Justin,Brown,PIT,WR,Oklahoma
2013,6,187,Andre,Ellington,ARI,RB,Clemson
2013,6,188,Cornelius,Washington,CHI,LB,Georgia
2013,6,189,Mike,James,TAM,RB,Miami (FL)
2013,6,190,Rex,Burkhead,CIN,RB,Nebraska
2013,6,191,Bacarri,Rambo,WAS,DB,Georgia
2013,6,192,John,Boyett,IND,DB,Oregon
2013,6,193,Nate,Palmer,GNB,LB,Illinois St.
2013,6,194,Spencer,Ware,SEA,RB,LSU
2013,6,195,Alan,Bonner,HOU,WR,Jacksonville St.
2013,6,196,Jeff,Baca,MIN,G,UCLA
2013,6,197,Cobi,Hamilton,CIN,WR,Arkansas
2013,6,198,Chris,Jones,HOU,DT,Bowling Green
2013,6,199,Theo,Riddick,DET,RB,Notre Dame
2013,6,200,Kapron,Lewis-Moore,BAL,DE,Notre Dame
2013,6,201,Ryan,Griffin,HOU,TE,Connecticut
2013,6,202,Khalid,Wooten,TEN,DB,Nevada
2013,6,203,Ryan,Jensen,BAL,T,
2013,6,204,Braden,Wilson,KAN,FB,Kansas St.
2013,6,205,Stacy,McGee,OAK,DT,Oklahoma
2013,6,206,Vince,Williams,PIT,LB,Florida St.
2013,7,207,Mike,Catapano,KAN,DE,Princeton
2013,7,208,Jeremy,Harris,JAX,DB,New Mexico St.
2013,7,209,Brice,Butler,OAK,WR,San Diego St.
2013,7,210,Demetrius,McCray,JAX,DB,Appalachian St.
2013,7,211,Michael,Williams,DET,TE,Alabama
2013,7,212,Joe,Kruger,PHI,DE,Utah
2013,7,213,Michael,Mauti,MIN,LB,Penn St.
2013,7,214,Travis,Bond,MIN,G,North Carolina
2013,7,215,Tommy,Bohanon,NYJ,RB,Wake Forest
2013,7,216,Charles,Johnson,GNB,WR,Grand Valley St.
2013,7,217,Armonty,Bryant,CLE,DE,East Central (OK)
2013,7,218,Jordan,Poyer,PHI,DB,Oregon St.
2013,7,219,D.C.,Jefferson,ARI,TE,Rutgers
2013,7,220,Ryan,Seymour,SEA,G,Vanderbilt
2013,7,221,Brad,Sorensen,SDG,QB,Southern Utah
2013,7,222,Chris,Gragg,BUF,TE,Arkansas
2013,7,223,Nicholas,Williams,PIT,DT,Samford
2013,7,224,Kevin,Dorsey,GNB,WR,Maryland
2013,7,225,Eric,Herman,NYG,OL,Ohio
2013,7,226,Michael,Buchanan,NWE,DE,Illinois
2013,7,227,Garrett,Gilkey,CLE,T,Chadron St.
2013,7,228,Jawan,Jamison,WAS,RB,Rutgers
2013,7,229,Everett,Dawkins,MIN,DT,Florida St.
2013,7,230,Kerwynn,Williams,IND,RB,Utah St.
2013,7,231,Ty,Powell,SEA,DE,Harding
2013,7,232,Sam,Barrington,GNB,LB,South Florida
2013,7,233,David,Bass,OAK,DE,Missouri Western St.
2013,7,234,Zac,Dysert,DEN,QB,Miami (OH)
2013,7,235,Steve,Beauharnais,NWE,LB,Rutgers
2013,7,236,Marquess,Wilson,CHI,WR,Washington St.
2013,7,237,B.J.,Daniels,SFO,QB,South Florida
2013,7,238,Aaron,Mellette,BAL,WR,Elon
2013,7,239,David,King,PHI,DE,Oklahoma
2013,7,240,Reid,Fragel,CIN,OL,Ohio St.
2013,7,241,Jared,Smith,SEA,DT,New Hampshire
2013,7,242,Michael,Bowie,SEA,T,
2013,7,243,Kemal,Ishmael,ATL,DB,Central Florida
2013,7,244,Zeke,Motta,ATL,DB,Notre Dame
2013,7,245,Brandon,Hepburn,DET,LB,Florida A&M
2013,7,246,Carter,Bykowski,SFO,OL,Iowa St.
2013,7,247,Marc,Anthony,BAL,DB,California
2013,7,248,Daimion,Stafford,TEN,DB,Nebraska
2013,7,249,Sean,Renfree,ATL,QB,Duke
2013,7,250,Don,Jones,MIA,DB,Arkansas St.
2013,7,251,T.J.,Johnson,CIN,C,South Carolina
2013,7,252,Marcus,Cooper,SFO,DB,Rutgers
2013,7,253,Michael,Cox,NYG,RB,Massachusetts
2013,7,254,Justice,Cunningham,IND,TE,South Carolina
2014,1,1,Jadeveon,Clowney,HOU,DE,South Carolina
2014,1,2,Greg,Robinson,STL,T,Auburn
2014,1,3,Blake,Bortles,JAX,QB,Central Florida
2014,1,4,Sammy,Watkins,BUF,WR,Clemson
2014,1,5,Khalil,Mack,OAK,LB,Buffalo
2014,1,6,Jake,Matthews,ATL,T,Texas A&M
2014,1,7,Mike,Evans,TAM,WR,Texas A&M
2014,1,8,Justin,Gilbert,CLE,DB,Oklahoma St.
2014,1,9,Anthony,Barr,MIN,LB,UCLA
2014,1,10,Eric,Ebron,DET,TE,North Carolina
2014,1,11,Taylor,Lewan,TEN,T,Michigan
2014,1,12,Odell,Beckham,NYG,WR,LSU
2014,1,13,Aaron,Donald,STL,DT,Pittsburgh
2014,1,14,Kyle,Fuller,CHI,DB,Virginia Tech
2014,1,15,Ryan,Shazier,PIT,LB,Ohio St.
2014,1,16,Zack,Martin,DAL,G,Notre Dame
2014,1,17,C.J.,Mosley,BAL,LB,Alabama
2014,1,18,Calvin,Pryor,NYJ,DB,Louisville
2014,1,19,Ja'Wuan,James,MIA,T,Tennessee
2014,1,20,Brandin,Cooks,NOR,WR,Oregon St.
2014,1,21,Ha Ha,Clinton-Dix,GNB,DB,Alabama
2014,1,22,Johnny,Manziel,CLE,QB,Texas A&M
2014,1,23,Dee,Ford,KAN,LB,Auburn
2014,1,24,Darqueze,Dennard,CIN,DB,Michigan St.
2014,1,25,Jason,Verrett,SDG,DB,TCU
2014,1,26,Marcus,Smith,PHI,LB,Louisville
2014,1,27,Deone,Bucannon,ARI,DB,Washington St.
2014,1,28,Kelvin,Benjamin,CAR,WR,Florida St.
2014,1,29,Dominique,Easley,NWE,DT,Florida
2014,1,30,Jimmie,Ward,SFO,DB,Northern Illinois
2014,1,31,Bradley,Roby,DEN,DB,Ohio St.
2014,1,32,Teddy,Bridgewater,MIN,QB,Louisville
2014,2,33,Xavier,Su'a-Filo,HOU,G,UCLA
2014,2,34,Demarcus,Lawrence,DAL,DE,Boise St.
2014,2,35,Joel,Bitonio,CLE,G,Nevada
2014,2,36,Derek,Carr,OAK,QB,Fresno St.
2014,2,37,Ra'Shede,Hageman,ATL,DT,Minnesota
2014,2,38,Austin,Seferian-Jenkins,TAM,TE,Washington
2014,2,39,Marqise,Lee,JAX,WR,USC
2014,2,40,Kyle,Van Noy,DET,LB,BYU
2014,2,41,Lamarcus,Joyner,STL,DB,Florida St.
2014,2,42,Jordan,Matthews,PHI,WR,Vanderbilt
2014,2,43,Weston,Richburg,NYG,OL,Colorado St.
2014,2,44,Cyrus,Kouandjio,BUF,T,Alabama
2014,2,45,Paul,Richardson,SEA,WR,Colorado
2014,2,46,Stephon,Tuitt,PIT,DE,Notre Dame
2014,2,47,Trent,Murphy,WAS,LB,Stanford
2014,2,48,Timmy,Jernigan,BAL,DT,Florida St.
2014,2,49,Jace,Amaro,NYJ,TE,Texas Tech
2014,2,50,Jeremiah,Attaochu,SDG,LB,Georgia Tech
2014,2,51,Ego,Ferguson,CHI,DT,LSU
2014,2,52,Troy,Niklas,ARI,TE,Notre Dame
2014,2,53,Davante,Adams,GNB,WR,Fresno St.
2014,2,54,Bishop,Sankey,TEN,RB,Washington
2014,2,55,Jeremy,Hill,CIN,RB,LSU
2014,2,56,Cody,Latimer,DEN,WR,Indiana
2014,2,57,Carlos,Hyde,SFO,RB,Ohio St.
2014,2,58,Stanley,Jean-Baptiste,NOR,DB,Nebraska
2014,2,59,Jack,Mewhort,IND,T,Ohio St.
2014,2,60,Kony,Ealy,CAR,DE,Missouri
2014,2,61,Allen,Robinson,JAX,WR,Penn St.
2014,2,62,Jimmy,Garoppolo,NWE,QB,East. Illinois
2014,2,63,Jarvis,Landry,MIA,WR,LSU
2014,2,64,Justin,Britt,SEA,T,Missouri
2014,3,65,C.J.,Fiedorowicz,HOU,TE,Iowa
2014,3,66,Morgan,Moses,WAS,OL,Virginia
2014,3,67,Billy,Turner,MIA,T,North Dakota St.
2014,3,68,Dezmen,Southward,ATL,DB,Wisconsin
2014,3,69,Charles,Sims,TAM,RB,West Virginia
2014,3,70,Marcus,Martin,SFO,C,USC
2014,3,71,Christian,Kirksey,CLE,LB,Iowa
2014,3,72,Scott,Crichton,MIN,DE,Oregon St.
2014,3,73,Preston,Brown,BUF,LB,Louisville
2014,3,74,Jay,Bromley,NYG,DT,Syracuse
2014,3,75,Tre,Mason,STL,RB,Auburn
2014,3,76,Travis,Swanson,DET,C,Arkansas
2014,3,77,Chris,Borland,SFO,LB,Wisconsin
2014,3,78,Spencer,Long,WAS,G,Nebraska
2014,3,79,Terrence,Brooks,BAL,DB,Florida St.
2014,3,80,Dexter,McDougle,NYJ,DB,Maryland
2014,3,81,Gabe,Jackson,OAK,G,Mississippi St.
2014,3,82,Will,Sutton,CHI,DT,Arizona St.
2014,3,83,Louis,Nix,HOU,DT,Notre Dame
2014,3,84,Kareem,Martin,ARI,DE,North Carolina
2014,3,85,Khyri,Thornton,GNB,DT,Southern Miss
2014,3,86,Josh,Huff,PHI,WR,Oregon
2014,3,87,Phillip,Gaines,KAN,DB,Rice
2014,3,88,Will,Clarke,CIN,DE,West Virginia
2014,3,89,Chris,Watt,SDG,G,Notre Dame
2014,3,90,Donte,Moncrief,IND,WR,Mississippi
2014,3,91,John,Brown,ARI,WR,Pittsburg St.
2014,3,92,Trai,Turner,CAR,OL,LSU
2014,3,93,Brandon,Linder,JAX,OL,Miami (FL)
2014,3,94,Terrance,West,CLE,RB,Towson
2014,3,95,Michael,Schofield,DEN,OL,Michigan
2014,3,96,Jerick,McKinnon,MIN,RB,Georgia Southern
2014,3,97,Dri,Archer,PIT,WR,Kent St.
2014,3,98,Richard,Rodgers,GNB,TE,California
2014,3,99,Crockett,Gillmore,BAL,TE,Colorado St.
2014,3,100,Brandon,Thomas,SFO,OL,Clemson
2014,4,101,Jaylen,Watkins,PHI,DB,Florida
2014,4,102,Bashaud,Breeland,WAS,DB,Clemson
2014,4,103,Devonta,Freeman,ATL,RB,Florida St.
2014,4,104,Jalen,Saunders,NYJ,WR,Oklahoma
2014,4,105,Bryan,Stork,NWE,C,Florida St.
2014,4,106,Bruce,Ellington,SFO,WR,South Carolina
2014,4,107,Justin,Ellis,OAK,DT,Louisiana Tech
2014,4,108,Cassius,Marsh,SEA,DE,UCLA
2014,4,109,Ross,Cockrell,BUF,DB,Duke
2014,4,110,Maurice,Alexander,STL,DB,Utah St.
2014,4,111,Russell,Bodine,CIN,C,North Carolina
2014,4,112,DaQuan,Jones,TEN,DT,Penn St.
2014,4,113,Andre,Williams,NYG,RB,Boston Col.
2014,4,114,Aaron,Colvin,JAX,DB,Oklahoma
2014,4,115,Shaquelle,Evans,NYJ,WR,UCLA
2014,4,116,Keith,McGill,OAK,DB,Utah
2014,4,117,Ka'Deem,Carey,CHI,RB,Arizona
2014,4,118,Martavis,Bryant,PIT,WR,Clemson
2014,4,119,Anthony,Hitchens,DAL,LB,Iowa
2014,4,120,Logan,Thomas,ARI,QB,Virginia Tech
2014,4,121,Carl,Bradford,GNB,LB,Arizona St.
2014,4,122,Marqueston,Huff,TEN,DB,Wyoming
2014,4,123,Kevin,Norwood,SEA,WR,Alabama
2014,4,124,De'Anthony,Thomas,KAN,RB,Oregon
2014,4,125,Walt,Aikens,MIA,DB,Liberty
2014,4,126,Khairi,Fortt,NOR,LB,California
2014,4,127,Pierre,Desir,CLE,DB,Lindenwood
2014,4,128,Tre,Boston,CAR,DB,North Carolina
2014,4,129,Dontae,Johnson,SFO,DB,North Carolina St.
2014,4,130,James,White,NWE,RB,Wisconsin
2014,4,131,Brock,Vereen,CHI,DB,Minnesota
2014,4,132,Kevin,Pierre-Louis,SEA,LB,Boston Col.
2014,4,133,Nevin,Lawson,DET,DB,Utah St.
2014,4,134,Brent,Urban,BAL,DT,Virginia
2014,4,135,Tom,Savage,HOU,QB,Pittsburgh
2014,4,136,Larry,Webster,DET,DE,Bloomsburg
2014,4,137,Dakota,Dozier,NYJ,OL,Furman
2014,4,138,Lorenzo,Taliaferro,BAL,RB,Coastal Carolina
2014,4,139,Prince,Shembo,ATL,LB,Notre Dame
2014,4,140,Cameron,Fleming,NWE,T,Stanford
2014,5,141,Taylor,Hart,PHI,DE,Oregon
2014,5,142,Ryan,Grant,WAS,WR,Tulane
2014,5,143,Kadeem,Edwards,TAM,OL,Tennessee St.
2014,5,144,Telvin,Smith,JAX,LB,Florida St.
2014,5,145,David,Yankey,MIN,OL,Stanford
2014,5,146,Devin,Street,DAL,WR,Pittsburgh
2014,5,147,Ricardo,Allen,ATL,DB,Purdue
2014,5,148,Bene,Benwikere,CAR,DB,San Jose St.
2014,5,149,Kevin,Pamphile,TAM,T,Purdue
2014,5,150,Aaron,Lynch,SFO,DE,South Florida
2014,5,151,Avery,Williamson,TEN,LB,Kentucky
2014,5,152,Nat,Berhe,NYG,DB,San Diego St.
2014,5,153,Cyril,Richardson,BUF,G,Baylor
2014,5,154,Jeremiah,George,NYJ,LB,Iowa St.
2014,5,155,Arthur,Lynch,MIA,TE,Georgia
2014,5,156,Lamin,Barrow,DEN,LB,LSU
2014,5,157,Shaquille,Richardson,PIT,DB,Arizona
2014,5,158,Caraun,Reid,DET,DT,Princeton
2014,5,159,Chris,Smith,JAX,DE,Arkansas
2014,5,160,Ed,Stinson,ARI,DE,Alabama
2014,5,161,Corey,Linsley,GNB,C,Ohio St.
2014,5,162,Ed,Reynolds,PHI,DB,Stanford
2014,5,163,Aaron,Murray,KAN,QB,Georgia
2014,5,164,A.J.,McCarron,CIN,QB,Alabama
2014,5,165,Ryan,Carrethers,SDG,DT,Arkansas St.
2014,5,166,Jonathan,Newsome,IND,LB,Ball St.
2014,5,167,Vinnie,Sunseri,NOR,DB,Alabama
2014,5,168,Marquis,Spruill,ATL,LB,Syracuse
2014,5,169,Ronald,Powell,NOR,LB,Florida
2014,5,170,Keith,Reaser,SFO,DB,Florida Atlantic
2014,5,171,Jordan,Tripp,MIA,LB,Montana
2014,5,172,Jimmy,Staten,SEA,DT,Middle Tenn. St.
2014,5,173,Wesley,Johnson,PIT,OL,Vanderbilt
2014,5,174,Devon,Kennard,NYG,DE,USC
2014,5,175,John,Urschel,BAL,G,Penn St.
2014,5,176,Jared,Abbrederis,GNB,WR,Wisconsin
2014,6,177,Jeoffrey,Pagan,HOU,DE,Alabama
2014,6,178,Zach,Mettenberger,TEN,QB,LSU
2014,6,179,Jon,Halapio,NWE,OL,Florida
2014,6,180,Kenneth,Acker,SFO,DB,SMU
2014,6,181,Alfred,Blue,HOU,RB,LSU
2014,6,182,Antone,Exum,MIN,DB,Virginia Tech
2014,6,183,David,Fales,CHI,QB,San Jose St.
2014,6,184,Kendall,James,MIN,DB,Maine
2014,6,185,Robert,Herron,TAM,WR,Wyoming
2014,6,186,Lache,Seastrunk,WAS,RB,Baylor
2014,6,187,Bennett,Jackson,NYG,DB,Notre Dame
2014,6,188,E.J.,Gaines,STL,DB,Missouri
2014,6,189,T.J.,Jones,DET,WR,Notre Dame
2014,6,190,Matt,Hazel,MIA,WR,Coastal Carolina
2014,6,191,Pat,O'Donnell,CHI,P,Miami (FL)
2014,6,192,Jordan,Zumwalt,PIT,LB,UCLA
2014,6,193,Zach,Fulton,KAN,G,Tennessee
2014,6,194,Keith,Wenning,BAL,QB,Ball St.
2014,6,195,Brandon,Dixon,NYJ,DB,NW Missouri St.
2014,6,196,Walt,Powell,ARI,WR,Murray St.
2014,6,197,Demetri,Goodson,GNB,DB,Baylor
2014,6,198,Zach,Moore,NWE,DE,Concordia-St.Paul (MN)
2014,6,199,Garrett,Scott,SEA,OL,Marshall
2014,6,200,Laurent,Duvernay-Tardif,KAN,OL,McGill
2014,6,201,Marion,Grice,SDG,RB,Arizona St.
2014,6,202,Tavon,Rooks,NOR,OL,Kansas St.
2014,6,203,Andrew,Jackson,IND,LB,West. Kentucky
2014,6,204,Tyler,Gaffney,CAR,RB,Stanford
2014,6,205,Luke,Bowanko,JAX,C,Virginia
2014,6,206,Jemea,Thomas,NWE,DB,Georgia Tech
2014,6,207,Matt,Paradis,DEN,OL,Boise St.
2014,6,208,Eric,Pinkins,SEA,DB,San Diego St.
2014,6,209,Quincy,Enunwa,NYJ,WR,Nebraska
2014,6,210,IK,Enemkpali,NYJ,DT,Louisiana Tech
2014,6,211,Jay,Prosch,HOU,FB,Auburn
2014,6,212,Marquis,Flowers,CIN,LB,Arizona
2014,6,213,Tajh,Boyd,NYJ,QB,Clemson
2014,6,214,Garrett,Gilbert,STL,QB,SMU
2014,6,215,Daniel,McCullers,PIT,DT,Tennessee
2014,7,216,Andre,Hal,HOU,DB,Vanderbilt
2014,7,217,Ted,Bolser,WAS,TE,Indiana
2014,7,218,Michael,Campanaro,BAL,WR,Wake Forest
2014,7,219,T.J.,Carrie,OAK,DB,Ohio
2014,7,220,Shamar,Stephen,MIN,DT,Connecticut
2014,7,221,Randell,Johnson,BUF,LB,Florida Atlantic
2014,7,222,Storm,Johnson,JAX,RB,Central Florida
2014,7,223,Brandon,Watts,MIN,LB,Georgia Tech
2014,7,224,Beau,Allen,PHI,DT,Wisconsin
2014,7,225,Jabari,Price,MIN,DB,North Carolina
2014,7,226,Mitchell,Van Dyk,STL,OL,Portland St.
2014,7,227,Kiero,Small,SEA,RB,Arkansas
2014,7,228,Zach,Hocker,WAS,K,Arkansas
2014,7,229,Nate,Freese,DET,K,Boston Col.
2014,7,230,Rob,Blanchflower,PIT,TE,Massachusetts
2014,7,231,Ben,Gardner,DAL,DE,Stanford
2014,7,232,Ulrick,John,IND,OL,Georgia St.
2014,7,233,Trevor,Reilly,NYJ,LB,Utah
2014,7,234,Terrence,Fede,MIA,DE,Marist
2014,7,235,Shelby,Harris,OAK,DE,Illinois St.
2014,7,236,Jeff,Janis,GNB,WR,Saginaw Valley St.
2014,7,237,Seantrel,Henderson,BUF,OL,Miami (FL)
2014,7,238,Will,Smith,DAL,LB,Texas Tech
2014,7,239,James,Wright,CIN,WR,LSU
2014,7,240,Tevin,Reese,SDG,WR,Baylor
2014,7,241,C.B.,Bryant,STL,DB,Ohio St.
2014,7,242,Corey,Nelson,DEN,LB,Oklahoma
2014,7,243,Kaleb,Ramsey,SFO,DE,Boston Col.
2014,7,244,Jeremy,Gallon,NWE,WR,Michigan
2014,7,245,Trey,Millard,SFO,FB,Oklahoma
2014,7,246,Charles,Leno,CHI,T,Boise St.
2014,7,247,Jonathan,Dowling,OAK,DB,West. Kentucky
2014,7,248,Ahmad,Dixon,DAL,DB,Baylor
2014,7,249,Michael,Sam,STL,DE,Missouri
2014,7,250,Demetrius,Rhaney,STL,OL,Tennessee St.
2014,7,251,Ken,Bishop,DAL,DT,Northern Illinois
2014,7,252,Lavelle,Westbrooks,CIN,DB,Georgia Southern
2014,7,253,Yawin,Smallwood,ATL,LB,Connecticut
2014,7,254,Terrance,Mitchell,DAL,DB,Oregon
2014,7,255,Tyler,Starr,ATL,LB,South Dakota
2014,7,256,Lonnie,Ballentine,HOU,DB,Memphis
2015,1,1,Jameis,Winston,TAM,QB,Florida St.
2015,1,2,Marcus,Mariota,TEN,QB,Oregon
2015,1,3,Dante,Fowler,JAX,OLB,Florida
2015,1,4,Amari,Cooper,OAK,WR,Alabama
2015,1,5,Brandon,Scherff,WAS,T,Iowa
2015,1,6,Leonard,Williams,NYJ,DE,USC
2015,1,7,Kevin,White,CHI,WR,West Virginia
2015,1,8,Vic,Beasley,ATL,OLB,Clemson
2015,1,9,Ereck,Flowers,NYG,T,Miami (FL)
2015,1,10,Todd,Gurley,STL,RB,Georgia
2015,1,11,Trae,Waynes,MIN,CB,Michigan St.
2015,1,12,Danny,Shelton,CLE,NT,Washington
2015,1,13,Andrus,Peat,NOR,T,Stanford
2015,1,14,DeVante,Parker,MIA,WR,Louisville
2015,1,15,Melvin,Gordon,SDG,RB,Wisconsin
2015,1,16,Kevin,Johnson,HOU,CB,Wake Forest
2015,1,17,Arik,Armstead,SFO,DT,Oregon
2015,1,18,Marcus,Peters,KAN,CB,Washington
2015,1,19,Cameron,Erving,CLE,C,Florida St.
2015,1,20,Nelson,Agholor,PHI,WR,USC
2015,1,21,Cedric,Ogbuehi,CIN,T,Texas A&M
2015,1,22,Bud,Dupree,PIT,OLB,Kentucky
2015,1,23,Shane,Ray,DEN,DE,Missouri
2015,1,24,D.J.,Humphries,ARI,T,Florida
2015,1,25,Shaq,Thompson,CAR,OLB,Washington
2015,1,26,Breshad,Perriman,BAL,WR,Central Florida
2015,1,27,Byron,Jones,DAL,CB,Connecticut
2015,1,28,Laken,Tomlinson,DET,G,Duke
2015,1,29,Phillip,Dorsett,IND,WR,Miami (FL)
2015,1,30,Damarious,Randall,GNB,FS,Arizona St.
2015,1,31,Stephone,Anthony,NOR,ILB,Clemson
2015,1,32,Malcom,Brown,NWE,DT,Texas
2015,2,33,Landon,Collins,NYG,SS,Alabama
2015,2,34,Donovan,Smith,TAM,T,Penn St.
2015,2,35,Mario,Edwards,OAK,DT,Florida St.
2015,2,36,T.J.,Yeldon,JAX,RB,Alabama
2015,2,37,Devin,Smith,NYJ,WR,Ohio St.
2015,2,38,Preston,Smith,WAS,DE,Mississippi St.
2015,2,39,Eddie,Goldman,CHI,DT,Florida St.
2015,2,40,Dorial,Green-Beckham,TEN,WR,Oklahoma
2015,2,41,Devin,Funchess,CAR,TE,Michigan
2015,2,42,Jalen,Collins,ATL,CB,LSU
2015,2,43,Benardrick,McKinney,HOU,ILB,Mississippi St.
2015,2,44,Hau'oli,Kikaha,NOR,OLB,Washington
2015,2,45,Eric,Kendricks,MIN,ILB,UCLA
2015,2,46,Jaquiski,Tartt,SFO,SS,Samford
2015,2,47,Eric,Rowe,PHI,CB,Utah
2015,2,48,Denzel,Perryman,SDG,ILB,Miami (FL)
2015,2,49,Mitch,Morse,KAN,G,Missouri
2015,2,50,Ronald,Darby,BUF,CB,Florida St.
2015,2,51,Nate,Orchard,CLE,DE,Utah
2015,2,52,Jordan,Phillips,MIA,NT,Oklahoma
2015,2,53,Jake,Fisher,CIN,T,Oregon
2015,2,54,Ameer,Abdullah,DET,RB,Nebraska
2015,2,55,Maxx,Williams,BAL,TE,Minnesota
2015,2,56,Senquez,Golson,PIT,CB,Mississippi
2015,2,57,Rob,Havenstein,STL,T,Wisconsin
2015,2,58,Markus,Golden,ARI,DE,Missouri
2015,2,59,Ty,Sambrailo,DEN,T,Colorado St.
2015,2,60,Randy,Gregory,DAL,OLB,Nebraska
2015,2,61,Ali,Marpet,TAM,C,Hobart
2015,2,62,Quinten,Rollins,GNB,CB,Miami (OH)
2015,2,63,Frank,Clark,SEA,DE,Michigan
2015,2,64,Jordan,Richards,NWE,SS,Stanford
2015,3,65,D'Joun,Smith,IND,CB,Florida Atlantic
2015,3,66,Jeremiah,Poutasi,TEN,G,Utah
2015,3,67,A.J.,Cann,JAX,G,South Carolina
2015,3,68,Clive,Walford,OAK,TE,Miami (FL)
2015,3,69,Tyler,Lockett,SEA,WR,Kansas St.
2015,3,70,Jaelen,Strong,HOU,WR,Arizona St.
2015,3,71,Hroniss,Grasu,CHI,C,Oregon
2015,3,72,Jamon,Brown,STL,T,Louisville
2015,3,73,Tevin,Coleman,ATL,RB,Indiana
2015,3,74,Owamagbe,Odighizuwa,NYG,DE,UCLA
2015,3,75,Garrett,Grayson,NOR,QB,Colorado St.
2015,3,76,Chris,Conley,KAN,WR,Georgia
2015,3,77,Duke,Johnson,CLE,RB,Miami (FL)
2015,3,78,P.J.,Williams,NOR,CB,Florida St.
2015,3,79,Eli,Harold,SFO,OLB,Virginia
2015,3,80,Alex,Carter,DET,CB,Stanford
2015,3,81,John,Miller,BUF,G,Louisville
2015,3,82,Lorenzo,Mauldin,NYJ,OLB,Louisville
2015,3,83,Craig,Mager,SDG,CB,Texas St.
2015,3,84,Jordan,Hicks,PHI,OLB,Texas
2015,3,85,Tyler,Kroft,CIN,TE,Rutgers
2015,3,86,David,Johnson,ARI,RB,Northern Iowa
2015,3,87,Sammie,Coates,PIT,WR,Auburn
2015,3,88,Danielle,Hunter,MIN,DE,LSU
2015,3,89,Sean,Mannion,STL,QB,Oregon St.
2015,3,90,Carl,Davis,BAL,DT,Iowa
2015,3,91,Chaz,Green,DAL,T,Florida
2015,3,92,Jeff,Heuerman,DEN,TE,Ohio St.
2015,3,93,Henry,Anderson,IND,DE,Stanford
2015,3,94,Ty,Montgomery,GNB,WR,Stanford
2015,3,95,Matt,Jones,WAS,RB,Florida
2015,3,96,Xavier,Cooper,CLE,DT,Washington St.
2015,3,97,Geneo,Grissom,NWE,DE,Oklahoma
2015,3,98,Steven,Nelson,KAN,CB,Oregon St.
2015,3,99,Paul,Dawson,CIN,ILB,TCU
2015,4,100,Angelo,Blackson,TEN,DT,Auburn
2015,4,101,Trey,Flowers,NWE,DE,Arkansas
2015,4,102,Daryl,Williams,CAR,G,Oklahoma
2015,4,103,Bryce,Petty,NYJ,QB,Baylor
2015,4,104,James,Sample,JAX,SS,Louisville
2015,4,105,Jamison,Crowder,WAS,WR,Duke
2015,4,106,Jeremy,Langford,CHI,RB,Michigan St.
2015,4,107,Justin,Hardy,ATL,WR,East Carolina
2015,4,108,Jalston,Fowler,TEN,FB,Alabama
2015,4,109,Clayton,Geathers,IND,SS,Central Florida
2015,4,110,T.J.,Clemmings,MIN,T,Pittsburgh
2015,4,111,Tre',Jackson,NWE,G,Florida St.
2015,4,112,Arie,Kouandjio,WAS,G,Alabama
2015,4,113,Gabe,Wright,DET,DT,Auburn
2015,4,114,Jamil,Douglas,MIA,G,Arizona St.
2015,4,115,Ibraheim,Campbell,CLE,SS,Northwestern
2015,4,116,Rodney,Gunter,ARI,DT,Delaware St.
2015,4,117,Blake,Bell,SFO,TE,Oklahoma
2015,4,118,Ramik,Wilson,KAN,ILB,Georgia
2015,4,119,Andrew,Donnal,STL,T,Iowa
2015,4,120,Josh,Shaw,CIN,CB,USC
2015,4,121,Doran,Grant,PIT,CB,Ohio St.
2015,4,122,Za'Darius,Smith,BAL,DE,Kentucky
2015,4,123,Vince,Mayle,CLE,WR,Washington St.
2015,4,124,Kwon,Alexander,TAM,OLB,LSU
2015,4,125,Javorius,Allen,BAL,RB,USC
2015,4,126,Mike,Davis,SFO,RB,South Carolina
2015,4,127,Damien,Wilson,DAL,ILB,Minnesota
2015,4,128,Jon,Feliciano,OAK,G,Miami (FL)
2015,4,129,Jake,Ryan,GNB,OLB,Michigan
2015,4,130,Terry,Poole,SEA,G,San Diego St.
2015,4,131,Shaq,Mason,NWE,C,Georgia Tech
2015,4,132,DeAndre,Smelter,SFO,WR,Georgia Tech
2015,4,133,Max,Garcia,DEN,C,Florida
2015,4,134,Mark,Glowinski,SEA,G,West Virginia
2015,4,135,Marcus,Hardison,CIN,DE,Arizona St.
2015,4,136,Tray,Walker,BAL,CB,Texas Southern
2015,5,137,Grady,Jarrett,ATL,NT,Clemson
2015,5,138,David,Cobb,TEN,RB,Minnesota
2015,5,139,Rashad,Greene,JAX,WR,Florida St.
2015,5,140,Ben,Heeney,OAK,ILB,Kansas
2015,5,141,Martrell,Spaight,WAS,OLB,Arkansas
2015,5,142,Adrian,Amos,CHI,FS,Penn St.
2015,5,143,MyCole,Pruitt,MIN,TE,Southern Illinois
2015,5,144,Mykkele,Thompson,NYG,S,Texas
2015,5,145,Bobby,McCain,MIA,CB,Memphis
2015,5,146,Stefon,Diggs,MIN,WR,Maryland
2015,5,147,Brett,Hundley,GNB,QB,UCLA
2015,5,148,Davis,Tull,NOR,OLB,Tenn-Chattanooga
2015,5,149,Jay,Ajayi,MIA,RB,Boise St.
2015,5,150,Cedric,Thompson,MIA,FS,Minnesota
2015,5,151,David,Parry,IND,NT,Stanford
2015,5,152,Jarvis,Harrison,NYJ,G,Texas A&M
2015,5,153,Kyle,Emanuel,SDG,OLB,North Dakota St.
2015,5,154,Tyeler,Davison,NOR,DT,Fresno St.
2015,5,155,Karlos,Williams,BUF,RB,Florida St.
2015,5,156,Tony,Lippett,MIA,WR,Michigan St.
2015,5,157,C.J.,Uzomah,CIN,TE,Auburn
2015,5,158,Shaquille,Riddick,ARI,DE,West Virginia
2015,5,159,JJ,Nelson,ARI,WR,Ala-Birmingham
2015,5,160,Jesse,James,PIT,TE,Penn St.
2015,5,161,Neiron,Ball,OAK,OLB,Florida
2015,5,162,Kenny,Bell,TAM,WR,Nebraska
2015,5,163,Ryan,Russell,DAL,DE,Purdue
2015,5,164,Lorenzo,Doss,DEN,CB,Tulane
2015,5,165,Bradley,Pinion,SFO,P,Clemson
2015,5,166,Joe,Cardona,NWE,LS,Navy
2015,5,167,Damian,Swann,NOR,CB,Georgia
2015,5,168,Michael,Burton,DET,FB,Rutgers
2015,5,169,David,Mayo,CAR,LB,Texas St.
2015,5,170,Tye,Smith,SEA,CB,Towson
2015,5,171,Nick,Boyle,BAL,TE,Delaware
2015,5,172,D.J.,Alexander,KAN,OLB,Oregon St.
2015,5,173,James,O'Shaughnessy,KAN,TE,Illinois St.
2015,5,174,Cameron,Artis-Payne,CAR,RB,Auburn
2015,5,175,Keith,Mumphery,HOU,WR,Michigan St.
2015,5,176,Robert,Myers,BAL,G,Tennessee St.
2015,5,0,Isaiah,Battle,STL,T,Clemson
2015,6,177,Deiontrez,Mount,TEN,OLB,Louisville
2015,6,178,Matthew,Wells,NWE,LB,Mississippi St.
2015,6,179,Max,Valles,OAK,OLB,Virginia
2015,6,180,Michael,Bennett,JAX,DT,Ohio St.
2015,6,181,Kyshoen,Jarrett,WAS,SS,Virginia Tech
2015,6,182,Tevin,Mitchel,WAS,CB,Arkansas
2015,6,183,Tayo,Fabuluje,CHI,T,TCU
2015,6,184,Kaelin,Clay,TAM,WR,Utah
2015,6,185,Tyrus,Thompson,MIN,T,Oklahoma
2015,6,186,Geremy,Davis,NYG,WR,Connecticut
2015,6,187,Evan,Spencer,WAS,WR,Ohio St.
2015,6,188,Tony,Steward,BUF,OLB,Clemson
2015,6,189,Charles,Gaines,CLE,CB,Louisville
2015,6,190,Ian,Silberman,SFO,G,Boston Col.
2015,6,191,JaCorey,Shepherd,PHI,CB,Kansas
2015,6,192,Darius,Philon,SDG,DT,Arkansas
2015,6,193,B.J.,Dubose,MIN,DE,Louisville
2015,6,194,Nick,O'Leary,BUF,TE,Florida St.
2015,6,195,Malcolm,Johnson,CLE,TE,Mississippi St.
2015,6,196,Randall,Evans,PHI,CB,Kansas St.
2015,6,197,Derron,Smith,CIN,FS,Fresno St.
2015,6,198,Randall,Telfer,CLE,TE,USC
2015,6,199,Leterrius,Walton,PIT,DT,Central Michigan
2015,6,200,Quandre,Diggs,DET,CB,Texas
2015,6,201,Bud,Sasser,STL,WR,Missouri
2015,6,202,A.J.,Derby,NWE,TE,Arkansas
2015,6,203,Darius,Kilgo,DEN,NT,Maryland
2015,6,204,Darren,Waller,BAL,WR,Georgia Tech
2015,6,205,Josh,Robinson,IND,RB,Mississippi St.
2015,6,206,Aaron,Ripkowski,GNB,FB,Oklahoma
2015,6,207,Amarlo,Herrera,IND,ILB,Georgia
2015,6,208,Andy,Gallik,TEN,C,Boston Col.
2015,6,209,Obum,Gwacham,SEA,DE,Oregon St.
2015,6,210,Christian,Ringo,GNB,DE,La-Lafayette
2015,6,211,Reshard,Cliett,HOU,OLB,South Florida
2015,6,212,Anthony,Chickillo,PIT,DE,Miami (FL)
2015,6,213,Kennard,Backman,GNB,TE,Ala-Birmingham
2015,6,214,Kristjan,Sokoli,SEA,DT,Buffalo
2015,6,215,Cody,Wichmann,STL,G,Fresno St.
2015,6,216,Christian,Covington,HOU,DT,Rice
2015,6,217,Rakeem,Nunez-Roches,KAN,DT,Southern Miss
2015,7,218,Anthony,Morris,OAK,OL,Tennessee St.
2015,7,219,Hayes,Pullard,CLE,ILB,USC
2015,7,220,Neal,Sterling,JAX,WR,Monmouth
2015,7,221,Andre,Debose,OAK,WR,Florida
2015,7,222,Austin,Reiter,WAS,C,South Florida
2015,7,223,Deon,Simon,NYJ,NT,NW State (LA)
2015,7,224,Bryce,Hager,STL,ILB,Baylor
2015,7,225,Jake,Rodgers,ATL,T,East. Washington
2015,7,226,Bobby,Hart,NYG,G,Florida St.
2015,7,227,Martin,Ifedi,STL,DE,Memphis
2015,7,228,Austin,Shepherd,MIN,T,Alabama
2015,7,229,Ben,Koyack,JAX,TE,Notre Dame
2015,7,230,Marcus,Murphy,NOR,RB,Missouri
2015,7,231,Joey,Iosefa,TAM,FB,Hawaii
2015,7,232,Edmond,Robinson,MIN,OLB,Newberry
2015,7,233,Da'Ron,Brown,KAN,WR,Northern Illinois
2015,7,234,Dezmin,Lewis,BUF,WR,Central Arkansas
2015,7,235,Kenny,Hilliard,HOU,RB,LSU
2015,7,236,Mark,Nzeocha,DAL,OLB,Wyoming
2015,7,237,Brian,Mihalik,PHI,DE,Boston Col.
2015,7,238,Mario,Alford,CIN,WR,West Virginia
2015,7,239,Gerod,Holliman,PIT,FS,Louisville
2015,7,240,Corey,Robinson,DET,T,South Carolina
2015,7,241,Ifo,Ekpre-Olomu,CLE,CB,Oregon
2015,7,242,Dexter,McDonald,OAK,CB,Kansas
2015,7,243,Laurence,Gibson,DAL,T,Virginia Tech
2015,7,244,Trenton,Brown,SFO,G,Florida
2015,7,245,Tre,McBride,TEN,WR,William & Mary
2015,7,246,Geoff,Swaim,DAL,TE,Texas
2015,7,247,Darryl,Roberts,NWE,CB,Marshall
2015,7,248,Ryan,Murphy,SEA,DB,Oregon St.
2015,7,249,Akeem,King,ATL,DB,San Jose St.
2015,7,250,Trevor,Siemian,DEN,QB,Northwestern
2015,7,251,Taurean,Nixon,DEN,DB,Tulane
2015,7,252,Josh,Furman,DEN,DB,Oklahoma St.
2015,7,253,Xzavier,Dickson,NWE,OLB,Alabama
2015,7,254,Rory,Anderson,SFO,TE,South Carolina
2015,7,255,Denzelle,Good,IND,T,Mars Hill
2015,7,256,Gerald,Christian,ARI,TE,Louisville
2016,1,1,Jared,Goff,LAR,QB,California
2016,1,2,Carson,Wentz,PHI,QB,North Dakota St.
2016,1,3,Joey,Bosa,SDG,DE,Ohio St.
2016,1,4,Ezekiel,Elliott,DAL,RB,Ohio St.
2016,1,5,Jalen,Ramsey,JAX,CB,Florida St.
2016,1,6,Ronnie,Stanley,BAL,T,Notre Dame
2016,1,7,DeForest,Buckner,SFO,DE,Oregon
2016,1,8,Jack,Conklin,TEN,T,Michigan St.
2016,1,9,Leonard,Floyd,CHI,OLB,Georgia
2016,1,10,Eli,Apple,NYG,CB,Ohio St.
2016,1,11,Vernon,Hargreaves,TAM,CB,Florida
2016,1,12,Sheldon,Rankins,NOR,DT,Louisville
2016,1,13,Laremy,Tunsil,MIA,T,Mississippi
2016,1,14,Karl,Joseph,OAK,S,West Virginia
2016,1,15,Corey,Coleman,CLE,WR,Baylor
2016,1,16,Taylor,Decker,DET,T,Ohio St.
2016,1,17,Keanu,Neal,ATL,SS,Florida
2016,1,18,Ryan,Kelly,IND,C,Alabama
2016,1,19,Shaq,Lawson,BUF,DE,Clemson
2016,1,20,Darron,Lee,NYJ,OLB,Ohio St.
2016,1,21,Will,Fuller,HOU,WR,Notre Dame
2016,1,22,Josh,Doctson,WAS,WR,TCU
2016,1,23,Laquon,Treadwell,MIN,WR,Mississippi
2016,1,24,William,Jackson,CIN,CB,Houston
2016,1,25,Artie,Burns,PIT,CB,Miami (FL)
2016,1,26,Paxton,Lynch,DEN,QB,Memphis
2016,1,27,Kenny,Clark,GNB,DT,UCLA
2016,1,28,Joshua,Garnett,SFO,G,Stanford
2016,1,29,Robert,Nkemdiche,ARI,DT,Mississippi
2016,1,30,Vernon,Butler,CAR,DT,Louisiana Tech
2016,1,31,Germain,Ifedi,SEA,G,Texas A&M
2016,2,32,Emmanuel,Ogbah,CLE,DE,Oklahoma St.
2016,2,33,Kevin,Dodd,TEN,DE,Clemson
2016,2,34,Jaylon,Smith,DAL,OLB,Notre Dame
2016,2,35,Hunter,Henry,SDG,TE,Arkansas
2016,2,36,Myles,Jack,JAX,OLB,UCLA
2016,2,37,Chris,Jones,KAN,DT,Mississippi St.
2016,2,38,Xavien,Howard,MIA,CB,Baylor
2016,2,39,Noah,Spence,TAM,DE,East. Kentucky
2016,2,40,Sterling,Shepard,NYG,WR,Oklahoma
2016,2,41,Reggie,Ragland,BUF,ILB,Alabama
2016,2,42,Kamalei,Correa,BAL,DE,Boise St.
2016,2,43,Austin,Johnson,TEN,NT,Penn St.
2016,2,44,Jihad,Ward,OAK,DE,Illinois
2016,2,45,Derrick,Henry,TEN,RB,Alabama
2016,2,46,A'Shawn,Robinson,DET,DT,Alabama
2016,2,47,Michael,Thomas,NOR,WR,Ohio St.
2016,2,48,Jason,Spriggs,GNB,T,Indiana
2016,2,49,Jarran,Reed,SEA,DT,Alabama
2016,2,50,Nick,Martin,HOU,G,Notre Dame
2016,2,51,Christian,Hackenberg,NYJ,QB,Penn St.
2016,2,52,Deion,Jones,ATL,OLB,LSU
2016,2,53,Su'a,Cravens,WAS,OLB,USC
2016,2,54,Mackensie,Alexander,MIN,CB,Clemson
2016,2,55,Tyler,Boyd,CIN,WR,Pittsburgh
2016,2,56,Cody,Whitehair,CHI,G,Kansas St.
2016,2,57,T.J.,Green,IND,FS,Clemson
2016,2,58,Sean,Davis,PIT,CB,Maryland
2016,2,59,Roberto,Aguayo,TAM,K,Florida St.
2016,2,60,Cyrus,Jones,NWE,CB,Alabama
2016,2,61,Vonn,Bell,NOR,FS,Ohio St.
2016,2,62,James,Bradberry,CAR,CB,Samford
2016,2,63,Adam,Gotsis,DEN,DT,Georgia Tech
2016,3,64,Kevin,Byard,TEN,S,Middle Tenn. St.
2016,3,65,Carl,Nassib,CLE,DE,Penn St.
2016,3,66,Max,Tuerk,SDG,C,USC
2016,3,67,Maliek,Collins,DAL,DT,Nebraska
2016,3,68,Will,Redmond,SFO,CB,Mississippi St.
2016,3,69,Yannick,Ngakoue,JAX,DE,Maryland
2016,3,70,Bronson,Kaufusi,BAL,DE,BYU
2016,3,71,Darian,Thompson,NYG,S,Boise St.
2016,3,72,Jonathan,Bullard,CHI,DT,Florida
2016,3,73,Kenyan,Drake,MIA,RB,Alabama
2016,3,74,KeiVarae,Russell,KAN,CB,Notre Dame
2016,3,75,Shilique,Calhoun,OAK,DE,Michigan St.
2016,3,76,Shon,Coleman,CLE,T,Auburn
2016,3,77,Daryl,Worley,CAR,CB,West Virginia
2016,3,78,Joe,Thuney,NWE,G,North Carolina St.
2016,3,79,Isaac,Seumalo,PHI,G,Oregon St.
2016,3,80,Adolphus,Washington,BUF,DT,Ohio St.
2016,3,81,Austin,Hooper,ATL,TE,Stanford
2016,3,82,Le'Raven,Clark,IND,T,Texas Tech
2016,3,83,Jordan,Jenkins,NYJ,OLB,Georgia
2016,3,84,Kendall,Fuller,WAS,CB,Virginia Tech
2016,3,85,Braxton,Miller,HOU,WR,Ohio St.
2016,3,86,Leonte,Carroo,MIA,WR,Rutgers
2016,3,87,Nick,Vigil,CIN,ILB,Utah St.
2016,3,88,Kyler,Fackrell,GNB,OLB,Utah St.
2016,3,89,Javon,Hargrave,PIT,DT,South Carolina St.
2016,3,90,C.J.,Prosise,SEA,RB,Notre Dame
2016,3,91,Jacoby,Brissett,NWE,QB,North Carolina St.
2016,3,92,Brandon,Williams,ARI,CB,Texas A&M
2016,3,93,Cody,Kessler,CLE,QB,USC
2016,3,94,Nick,Vannett,SEA,TE,Ohio St.
2016,3,95,Graham,Glasgow,DET,C,Michigan
2016,3,96,Vincent,Valentine,NWE,DT,Nebraska
2016,3,97,Rees,Odhiambo,SEA,G,Boise St.
2016,3,98,Justin,Simmons,DEN,FS,Boston Col.
2016,4,99,Joe,Schobert,CLE,OLB,Wisconsin
2016,4,100,Connor,Cook,OAK,QB,Michigan St.
2016,4,101,Charles,Tapper,DAL,DE,Oklahoma
2016,4,102,Joshua,Perry,SDG,ILB,Ohio St.
2016,4,103,Sheldon,Day,JAX,DT,Notre Dame
2016,4,104,Tavon,Young,BAL,CB,Temple
2016,4,105,Parker,Ehinger,KAN,G,Cincinnati
2016,4,106,Eric,Murray,KAN,CB,Minnesota
2016,4,107,Chris,Moore,BAL,WR,Cincinnati
2016,4,108,Ryan,Smith,TAM,CB,North Carolina Central
2016,4,109,B.J.,Goodson,NYG,OLB,Clemson
2016,4,110,Tyler,Higbee,LAR,TE,West. Kentucky
2016,4,111,Miles,Killebrew,DET,SS,Southern Utah
2016,4,112,Malcolm,Mitchell,NWE,WR,Georgia
2016,4,113,Nick,Kwiatkoski,CHI,ILB,West Virginia
2016,4,114,Ricardo,Louis,CLE,WR,Auburn
2016,4,115,De'Vondre,Campbell,ATL,OLB,Minnesota
2016,4,116,Hassan,Ridgeway,IND,DT,Texas
2016,4,117,Pharoh,Cooper,LAR,WR,South Carolina
2016,4,118,Juston,Burris,NYJ,CB,North Carolina St.
2016,4,119,Tyler,Ervin,HOU,RB,San Jose St.
2016,4,120,David,Onyemata,NOR,DT,Manitoba
2016,4,121,Willie,Beavers,MIN,T,West. Michigan
2016,4,122,Andrew,Billings,CIN,NT,Baylor
2016,4,123,Jerald,Hawkins,PIT,T,LSU
2016,4,124,Deon,Bush,CHI,S,Miami (FL)
2016,4,125,Antonio,Morrison,IND,ILB,Florida
2016,4,126,Demarcus,Robinson,KAN,WR,Florida
2016,4,127,Deiondre',Hall,CHI,CB,Northern Iowa
2016,4,128,Evan,Boehm,ARI,C,Missouri
2016,4,129,Derrick,Kindred,CLE,FS,TCU
2016,4,130,Alex,Lewis,BAL,T,Nebraska
2016,4,131,Blake,Martinez,GNB,LB,Stanford
2016,4,132,Willie,Henry,BAL,DT,Michigan
2016,4,133,Rashard,Robinson,SFO,CB,LSU
2016,4,134,Kenneth,Dixon,BAL,RB,Louisiana Tech
2016,4,135,Dak,Prescott,DAL,QB,Mississippi St.
2016,4,136,Devontae,Booker,DEN,RB,Utah
2016,4,137,Dean,Lowry,GNB,DE,Northwestern
2016,4,138,Seth,Devalve,CLE,TE,Princeton
2016,4,139,Cardale,Jones,BUF,QB,Ohio St.
2016,5,140,Tajae,Sharpe,TEN,WR,Massachusetts
2016,5,141,Zack,Sanchez,CAR,CB,Oklahoma
2016,5,142,Ronald,Blair,SFO,DE,Appalachian St.
2016,5,143,DeAndre,Washington,OAK,RB,Texas Tech
2016,5,144,Connor,McGovern,DEN,G,Missouri
2016,5,145,John,Theus,SFO,T,Georgia
2016,5,146,Matt,Judon,BAL,DE,Grand Valley St.
2016,5,147,Quinton,Jefferson,SEA,DT,Maryland
2016,5,148,Caleb,Benenoch,TAM,T,UCLA
2016,5,149,Paul,Perkins,NYG,RB,UCLA
2016,5,150,Jordan,Howard,CHI,RB,Indiana
2016,5,151,Joe,Dahl,DET,G,Washington St.
2016,5,152,Matthew,Ioannidis,WAS,DT,Temple
2016,5,153,Wendell,Smallwood,PHI,RB,West Virginia
2016,5,154,Jordan,Payton,CLE,WR,UCLA
2016,5,155,Joe,Haeg,IND,T,North Dakota St.
2016,5,156,Jonathan,Williams,BUF,RB,Arkansas
2016,5,157,LeShaun,Sims,TEN,CB,Southern Utah
2016,5,158,Brandon,Shell,NYJ,T,South Carolina
2016,5,159,K.J.,Dillon,HOU,S,West Virginia
2016,5,160,Kentrell,Brothers,MIN,OLB,Missouri
2016,5,161,Christian,Westerman,CIN,G,Arizona St.
2016,5,162,Kevin,Hogan,KAN,QB,Stanford
2016,5,163,Trevor,Davis,GNB,WR,California
2016,5,164,Halapoulivaati,Vaitai,PHI,T,TCU
2016,5,165,Tyreek,Hill,KAN,WR,West Alabama
2016,5,166,D.J.,Reader,HOU,NT,Clemson
2016,5,167,Marqui,Christian,ARI,SS,Midwestern St.
2016,5,168,Spencer,Drango,CLE,G,Baylor
2016,5,169,Antwione,Williams,DET,LB,Georgia Southern
2016,5,170,Cole,Toner,ARI,T,Harvard
2016,5,171,Alex,Collins,SEA,RB,Arkansas
2016,5,172,Rashard,Higgins,CLE,WR,Colorado St.
2016,5,173,Trey,Caldwell,CLE,DB,La-Monroe
2016,5,174,Fahn,Cooper,SFO,T,Mississippi
2016,5,175,Jatavis,Brown,SDG,OLB,Akron
2016,6,176,Andy,Janovich,DEN,FB,Nebraska
2016,6,177,Temarrick,Hemingway,LAR,TE,South Carolina St.
2016,6,178,D.J.,White,KAN,CB,Georgia Tech
2016,6,179,Drew,Kaser,SDG,P,Texas A&M
2016,6,180,Moritz,Boehringer,MIN,WR,
2016,6,181,Tyrone,Holmes,JAX,OLB,Montana
2016,6,182,Keenan,Reynolds,BAL,RB,Navy
2016,6,183,Devante,Bond,TAM,OLB,Oklahoma
2016,6,184,Jerell,Adams,NYG,TE,South Carolina
2016,6,185,DeAndre,Houston-Carson,CHI,FS,William & Mary
2016,6,186,Jakeem,Grant,MIA,WR,Texas Tech
2016,6,187,Nate,Sudfeld,WAS,QB,Indiana
2016,6,188,David,Morgan,MIN,TE,Texas-San Antonio
2016,6,189,Anthony,Brown,DAL,CB,Purdue
2016,6,190,Josh,Forrest,LAR,ILB,Kentucky
2016,6,191,Jake,Rudock,DET,QB,Michigan
2016,6,192,Kolby,Listenbee,BUF,WR,TCU
2016,6,193,Sebastian,Tretola,TEN,G,Arkansas
2016,6,194,Cory,James,OAK,OLB,Colorado St.
2016,6,195,Wes,Schweitzer,ATL,G,San Jose St.
2016,6,196,Blake,Countess,PHI,CB,Auburn
2016,6,197,Dan,Vitale,TAM,FB,Northwestern
2016,6,198,Derek,Watt,SDG,FB,Wisconsin
2016,6,199,Cody,Core,CIN,WR,Mississippi
2016,6,200,Kyle,Murphy,GNB,T,Stanford
2016,6,201,Brandon,Allen,JAX,QB,Arkansas
2016,6,202,Anthony,Zettel,DET,DT,Penn St.
2016,6,203,Dadi,Nicolas,KAN,DE,Virginia Tech
2016,6,204,Jordan,Lucas,MIA,SS,Penn St.
2016,6,205,Harlan,Miller,ARI,CB,SE Louisiana
2016,6,206,Mike,Thomas,LAR,WR,Southern Miss
2016,6,207,Jeff,Driskel,SFO,QB,Louisiana Tech
2016,6,208,Kamu,Grugier-Hill,NWE,OLB,East. Illinois
2016,6,209,Maurice,Canady,BAL,CB,Virginia
2016,6,210,Jimmy,Landes,DET,LS,Baylor
2016,6,211,Kelvin,Taylor,SFO,RB,Florida
2016,6,212,Kavon,Frazier,DAL,SS,Central Michigan
2016,6,213,Aaron,Burbridge,SFO,WR,Michigan St.
2016,6,214,Elandon,Roberts,NWE,ILB,Houston
2016,6,215,Joey,Hunt,SEA,C,TCU
2016,6,216,Darius,Jackson,DAL,RB,East. Michigan
2016,6,217,Rico,Gathers,DAL,TE,Baylor
2016,6,218,Kevon,Seymour,BUF,CB,USC
2016,6,219,Will,Parks,DEN,S,Arizona
2016,6,220,Travis,Feeney,PIT,OLB,Washington
2016,6,221,Ted,Karras,NWE,G,Illinois
2016,7,222,Aaron,Wallace,TEN,OLB,UCLA
2016,7,223,Brandon,Doughty,MIA,QB,West. Kentucky
2016,7,224,Donavon,Clark,SDG,G,Michigan St.
2016,7,225,Devin,Lucien,NWE,WR,Arizona St.
2016,7,226,Jonathan,Woodard,JAX,DE,Central Arkansas
2016,7,227,Stephen,Weatherly,MIN,OLB,Vanderbilt
2016,7,228,Riley,Dixon,DEN,P,Syracuse
2016,7,229,Demarcus,Ayers,PIT,WR,Houston
2016,7,230,Daniel,Braverman,CHI,WR,West. Michigan
2016,7,231,Thomas,Duarte,MIA,TE,UCLA
2016,7,232,Steven,Daniels,WAS,ILB,Boston Col.
2016,7,233,Jalen,Mills,PHI,FS,LSU
2016,7,234,Vadal,Alexander,OAK,G,LSU
2016,7,235,Lac,Edwards,NYJ,P,Sam Houston St.
2016,7,236,Dwayne,Washington,DET,RB,Washington
2016,7,237,Daniel,Lasco,NOR,RB,California
2016,7,238,Devin,Fuller,ATL,WR,UCLA
2016,7,239,Trevor,Bates,IND,LB,Maine
2016,7,240,Alex,McCalister,PHI,DE,Florida
2016,7,241,Charone,Peake,NYJ,WR,Clemson
2016,7,242,Keith,Marshall,WAS,RB,Georgia
2016,7,243,Kenny,Lawler,SEA,WR,California
2016,7,244,Jayron,Kearse,MIN,S,Clemson
2016,7,245,Clayton,Fejedelem,CIN,S,Illinois
2016,7,246,Tyler,Matakevich,PIT,OLB,Temple
2016,7,247,Zac,Brooks,SEA,RB,Clemson
2016,7,248,Austin,Blythe,IND,C,Iowa
2016,7,249,Prince,Charles Iworah,SFO,CB,West. Kentucky
2016,7,250,Scooby,Wright,CLE,ILB,Arizona
2016,7,251,Joe,Walker,PHI,ILB,Oregon
2016,7,252,Beau,Sandland,CAR,TE,Montana St.
2016,7,253,Kalan,Reed,TEN,CB,Southern Miss
2017,1,1,Myles,Garrett,CLE,DE,Texas A&M
2017,1,2,Mitch,Trubisky,CHI,QB,North Carolina
2017,1,3,Solomon,Thomas,SFO,DE,Stanford
2017,1,4,Leonard,Fournette,JAX,RB,LSU
2017,1,5,Corey,Davis,TEN,WR,West. Michigan
2017,1,6,Jamal,Adams,NYJ,S,LSU
2017,1,7,Mike,Williams,LAC,WR,Clemson
2017,1,8,Christian,McCaffrey,CAR,RB,Stanford
2017,1,9,John,Ross,CIN,WR,Washington
2017,1,10,Patrick,Mahomes,KAN,QB,Texas Tech
2017,1,11,Marshon,Lattimore,NOR,CB,Ohio St.
2017,1,12,Deshaun,Watson,HOU,QB,Clemson
2017,1,13,Haason,Reddick,ARI,LB,Temple
2017,1,14,Derek,Barnett,PHI,DE,Tennessee
2017,1,15,Malik,Hooker,IND,S,Ohio St.
2017,1,16,Marlon,Humphrey,BAL,CB,Alabama
2017,1,17,Jonathan,Allen,WAS,DE,Alabama
2017,1,18,Adoree',Jackson,TEN,CB,USC
2017,1,19,O.J.,Howard,TAM,TE,Alabama
2017,1,20,Garett,Bolles,DEN,T,Utah
2017,1,21,Jarrad,Davis,DET,LB,Florida
2017,1,22,Charles,Harris,MIA,OLB,Missouri
2017,1,23,Evan,Engram,NYG,TE,Mississippi
2017,1,24,Gareon,Conley,OAK,CB,Ohio St.
2017,1,25,Jabrill,Peppers,CLE,S,Michigan
2017,1,26,Takkarist,McKinley,ATL,DE,UCLA
2017,1,27,TreDavious,White,BUF,CB,LSU
2017,1,28,Taco,Charlton,DAL,DE,Michigan
2017,1,29,David,Njoku,CLE,TE,Miami (FL)
2017,1,30,T.J.,Watt,PIT,OLB,Wisconsin
2017,1,31,Reuben,Foster,SFO,LB,Alabama
2017,1,32,Ryan,Ramczyk,NOR,T,Wisconsin
2017,2,33,Kevin,King,GNB,CB,Washington
2017,2,34,Cam,Robinson,JAX,T,Alabama
2017,2,35,Malik,McDowell,SEA,DT,Michigan St.
2017,2,36,Budda,Baker,ARI,S,Washington
2017,2,37,Zay,Jones,BUF,WR,East Carolina
2017,2,38,Forrest,Lamp,LAC,G,West. Kentucky
2017,2,39,Marcus,Maye,NYJ,S,Florida
2017,2,40,Curtis,Samuel,CAR,WR,Ohio St.
2017,2,41,Dalvin,Cook,MIN,RB,Florida St.
2017,2,42,Marcus,Williams,NOR,S,Utah
2017,2,43,Sidney,Jones,PHI,CB,Washington
2017,2,44,Gerald,Everett,LAR,TE,South Alabama
2017,2,45,Adam,Shaheen,CHI,TE,Ashland
2017,2,46,Quincy,Wilson,IND,CB,Florida
2017,2,47,Tyus,Bowser,BAL,OLB,Houston
2017,2,48,Joe,Mixon,CIN,RB,Oklahoma
2017,2,49,Ryan,Anderson,WAS,OLB,Alabama
2017,2,50,Justin,Evans,TAM,S,Texas A&M
2017,2,51,DeMarcus,Walker,DEN,DE,Florida St.
2017,2,52,DeShone,Kizer,CLE,QB,Notre Dame
2017,2,53,Teez,Tabor,DET,CB,Florida
2017,2,54,Raekwon,McMillan,MIA,LB,Ohio St.
2017,2,55,Dalvin,Tomlinson,NYG,DT,Alabama
2017,2,56,Obi,Melifonwu,OAK,S,Connecticut
2017,2,57,Zach,Cunningham,HOU,LB,Vanderbilt
2017,2,58,Ethan,Pocic,SEA,C,LSU
2017,2,59,Tanoh,Kpassagnon,KAN,DE,Villanova
2017,2,60,Chidobe,Awuzie,DAL,CB,Colorado
2017,2,61,Josh,Jones,GNB,S,North Carolina St.
2017,2,62,JuJu,Smith-Schuster,PIT,WR,USC
2017,2,63,Dion,Dawkins,BUF,G,Temple
2017,2,64,Taylor,Moton,CAR,G,West. Michigan
2017,3,65,Larry,Ogunjobi,CLE,DT,Charlotte
2017,3,66,Ahkello,Witherspoon,SFO,CB,Colorado
2017,3,67,Alvin,Kamara,NOR,RB,Tennessee
2017,3,68,Dawuane,Smoot,JAX,DE,Illinois
2017,3,69,Cooper,Kupp,LAR,WR,East. Washington
2017,3,70,Pat,Elflein,MIN,C,Ohio St.
2017,3,71,Dan,Feeney,LAC,G,Indiana
2017,3,72,Taywan,Taylor,TEN,WR,West. Kentucky
2017,3,73,Jordan,Willis,CIN,OLB,Kansas St.
2017,3,74,Chris,Wormley,BAL,DE,Michigan
2017,3,75,Duke,Riley,ATL,LB,LSU
2017,3,76,Alex,Anzalone,NOR,LB,Florida
2017,3,77,Daeshon,Hall,CAR,DE,Texas A&M
2017,3,78,Tim,Williams,BAL,OLB,Alabama
2017,3,79,ArDarius,Stewart,NYJ,WR,Alabama
2017,3,80,Tarell,Basham,IND,DE,Ohio
2017,3,81,Fabian,Moreau,WAS,CB,UCLA
2017,3,82,Carlos,Henderson,DEN,WR,Louisiana Tech
2017,3,83,Derek,Rivers,NWE,DE,Youngstown St.
2017,3,84,Chris,Godwin,TAM,WR,Penn St.
2017,3,85,Antonio,Garcia,NWE,T,Troy
2017,3,86,Kareem,Hunt,KAN,RB,Toledo
2017,3,87,Davis,Webb,NYG,QB,California
2017,3,88,Eddie,Vanderdoes,OAK,DT,UCLA
2017,3,89,D'Onta,Foreman,HOU,RB,Texas
2017,3,90,Shaquill,Griffin,SEA,DB,Central Florida
2017,3,91,John,Johnson,LAR,S,Boston Col.
2017,3,92,Jourdan,Lewis,DAL,CB,Michigan
2017,3,93,Montravius,Adams,GNB,DT,Auburn
2017,3,94,Cameron,Sutton,PIT,CB,Tennessee
2017,3,95,Delano,Hill,SEA,SS,Michigan
2017,3,96,Kenny,Golladay,DET,WR,Northern Illinois
2017,3,97,Cordrea,Tankersley,MIA,CB,Clemson
2017,3,98,Chad,Williams,ARI,WR,Grambling St.
2017,3,99,Rasul,Douglas,PHI,CB,West Virginia
2017,3,100,Jonnu,Smith,TEN,TE,Florida International
2017,3,101,Brendan,Langley,DEN,CB,Lamar
2017,3,102,Nazair,Jones,SEA,DT,North Carolina
2017,3,103,Trey,Hendrickson,NOR,OLB,Florida Atlantic
2017,3,104,C.J.,Beathard,SFO,QB,Iowa
2017,3,105,James,Conner,PIT,RB,Pittsburgh
2017,3,106,Amara,Darboh,SEA,WR,Michigan
2017,3,107,Kendell,Beckwith,TAM,ILB,LSU
2017,4,108,Vince,Biegel,GNB,LB,Wisconsin
2017,4,109,Jaleel,Johnson,MIN,DT,Iowa
2017,4,110,Dede,Westbrook,JAX,WR,Oklahoma
2017,4,111,Tedric,Thompson,SEA,FS,Colorado
2017,4,112,Eddie,Jackson,CHI,S,Alabama
2017,4,113,Rayshawn,Jenkins,LAC,S,Miami (FL)
2017,4,114,Samaje,Perine,WAS,RB,Oklahoma
2017,4,115,Dorian,Johnson,ARI,G,Pittsburgh
2017,4,116,Carl,Lawson,CIN,OLB,Auburn
2017,4,117,Josh,Reynolds,LAR,WR,Texas A&M
2017,4,118,Mack,Hollins,PHI,WR,North Carolina
2017,4,119,Tarik,Cohen,CHI,RB,North Carolina A&T
2017,4,120,Ben,Gedeon,MIN,ILB,Michigan
2017,4,121,Joe,Williams,SFO,RB,Utah
2017,4,122,Nico,Siragusa,BAL,G,San Diego St.
2017,4,123,Montae,Nicholson,WAS,S,Michigan St.
2017,4,124,Jalen,Reeves-Maybin,DET,LB,Tennessee
2017,4,125,Samson,Ebukam,LAR,OLB,East. Washington
2017,4,126,Howard,Wilson,CLE,CB,Houston
2017,4,127,Michael,Roberts,DET,TE,Toledo
2017,4,128,Josh,Malone,CIN,WR,Tennessee
2017,4,129,David,Sharpe,OAK,T,Florida
2017,4,130,Julie'n,Davenport,HOU,T,Bucknell
2017,4,131,Deatrich,Wise Jr.,NWE,DE,Arkansas
2017,4,132,Donnel,Pumphrey,PHI,RB,San Diego St.
2017,4,133,Ryan,Switzer,DAL,WR,North Carolina
2017,4,134,Jamaal,Williams,GNB,RB,BYU
2017,4,135,Joshua,Dobbs,PIT,QB,Tennessee
2017,4,136,Sean,Harlow,ATL,G,Oregon St.
2017,4,137,Zach,Banner,IND,T,USC
2017,4,138,Ryan,Glasgow,CIN,DT,Michigan
2017,4,139,Jehu,Chesson,KAN,WR,Michigan
2017,4,140,Wayne,Gallman,NYG,RB,Clemson
2017,4,141,Chad,Hansen,NYJ,WR,California
2017,4,142,Carlos,Watkins,HOU,DT,Clemson
2017,4,143,Marlon,Mack,IND,RB,South Florida
2017,4,144,Grover,Stewart,IND,DT,Albany State (GA)
2017,5,145,Jake,Butt,DEN,TE,Michigan
2017,5,146,George,Kittle,SFO,TE,Iowa
2017,5,147,Jordan,Morgan,CHI,G,Kutztown Pennsylvania
2017,5,148,Blair,Brown,JAX,LB,Ohio
2017,5,149,Damontae,Kazee,ATL,CB,San Diego St.
2017,5,150,Jordan,Leggett,NYJ,TE,Clemson
2017,5,151,Desmond,King,LAC,S,Iowa
2017,5,152,Corn,Elder,CAR,CB,Miami (FL)
2017,5,153,Jake,Elliott,CIN,K,Memphis
2017,5,154,Jeremy,Sprinkle,WAS,TE,Arkansas
2017,5,155,Jayon,Brown,TEN,LB,UCLA
2017,5,156,Brian,Hill,ATL,RB,Wyoming
2017,5,157,Will,Holden,ARI,T,Vanderbilt
2017,5,158,Nate,Hairston,IND,CB,Temple
2017,5,159,Jermaine,Eluemunor,BAL,G,Texas A&M
2017,5,160,Roderick,Johnson,CLE,T,Florida St.
2017,5,161,Anthony,Walker,IND,LB,Northwestern
2017,5,162,Jeremy,McNichols,TAM,RB,Boise St.
2017,5,163,Matt,Milano,BUF,LB,Boston Col.
2017,5,164,Isaac,Asiata,MIA,G,Utah
2017,5,165,Jamal,Agnew,DET,CB,San Diego
2017,5,166,Shelton,Gibson,PHI,WR,West Virginia
2017,5,167,Avery,Moss,NYG,DE,Youngstown St.
2017,5,168,Marquel,Lee,OAK,LB,Wake Forest
2017,5,169,Treston,Decoud,HOU,S,Oregon St.
2017,5,170,Rodney,Adams,MIN,WR,South Florida
2017,5,171,Nathan,Peterman,BUF,QB,Pittsburgh
2017,5,172,Isaiah,McKenzie,DEN,WR,Georgia
2017,5,173,Brian,Allen,PIT,DB,Utah
2017,5,174,Eric,Saubert,ATL,TE,Drake
2017,5,175,DeAngelo,Yancey,GNB,WR,Purdue
2017,5,176,JJ,Dielman,CIN,C,Utah
2017,5,177,Trent,Taylor,SFO,WR,Louisiana Tech
2017,5,178,Davon,Godchaux,MIA,DT,LSU
2017,5,179,T.J.,Logan,ARI,RB,North Carolina
2017,5,180,Danny,Isidora,MIN,G,Miami (FL)
2017,5,181,Dylan,Donahue,NYJ,DL,West Georgia
2017,5,182,Aaron,Jones,GNB,RB,Texas-El Paso
2017,5,183,Ukeme,Eligwe,KAN,LB,Georgia Southern
2017,5,184,Nathan,Gerry,PHI,S,Nebraska
2017,6,185,Caleb,Brantley,CLE,DT,Florida
2017,6,186,Chuck,Clark,BAL,DB,Virginia Tech
2017,6,187,Michael,Tyson,SEA,S,Cincinnati
2017,6,188,Elijah,McGuire,NYJ,RB,La-Lafayette
2017,6,189,Tanzel,Smart,LAR,DT,Tulane
2017,6,190,Sam,Tevi,LAC,T,Utah
2017,6,191,Xavier,Woods,DAL,S,Louisiana Tech
2017,6,192,Alex,Armah,CAR,FB,West Georgia
2017,6,193,Jordan,Evans,CIN,LB,Oklahoma
2017,6,194,Vincent,Taylor,MIA,DT,Oklahoma St.
2017,6,195,Tanner,Vallejo,BUF,LB,Boise St.
2017,6,196,Al-Quadin,Muhammad,NOR,DE,Miami (FL)
2017,6,197,Jeremy,Clark,NYJ,CB,Michigan
2017,6,198,D.J.,Jones,SFO,DT,Mississippi
2017,6,199,Chase,Roullier,WAS,C,Wyoming
2017,6,200,Adam,Bisnowaty,NYG,T,Pittsburgh
2017,6,201,Bucky,Hodges,MIN,TE,Virginia Tech
2017,6,202,Pita,Taumoepenu,SFO,OLB,Utah
2017,6,203,De'Angelo,Henderson,DEN,RB,Coastal Carolina
2017,6,204,Derrick,Jones,NYJ,CB,Mississippi
2017,6,205,Jeremiah,Ledbetter,DET,DE,Arkansas
2017,6,206,Sam,Rogers,LAR,FB,Virginia Tech
2017,6,207,Brandon,Wilson,CIN,RB,Houston
2017,6,208,Rudy,Ford,ARI,S,Auburn
2017,6,209,Robert,Davis,WAS,WR,Georgia St.
2017,6,210,Justin,Senior,SEA,T,Mississippi St.
2017,6,211,Conor,McDermott,NWE,T,UCLA
2017,6,212,Kofi,Amichia,GNB,C,South Florida
2017,6,213,Colin,Holba,PIT,LS,Louisville
2017,6,214,Elijah,Qualls,PHI,DT,Washington
2017,6,215,Brad,Kaaya,DET,QB,Miami (FL)
2017,6,216,Marquez,White,DAL,CB,Florida St.
2017,6,217,Corey,Levin,TEN,OL,Tenn-Chattanooga
2017,6,218,Leon,McQuay,KAN,S,USC
2017,7,219,Stacy,Coley,MIN,WR,Miami (FL)
2017,7,220,Ifeadi,Odenigbo,MIN,DL,Northwestern
2017,7,221,Shalom,Luani,OAK,S,Washington St.
2017,7,222,Jalen,Myrick,JAX,CB,Minnesota
2017,7,223,Stevie,Tu'ikolovatu,TAM,NT,USC
2017,7,224,Zane,Gonzalez,CLE,K,Arizona St.
2017,7,225,Isaac,Rochell,LAC,DT,Notre Dame
2017,7,226,David,Moore,SEA,WR,East Central (OK)
2017,7,227,Josh,Carraway,TEN,OLB,TCU
2017,7,228,Joey,Ivie,DAL,DT,Florida
2017,7,229,Adrian,Colbert,SFO,DB,Miami (FL)
2017,7,230,Josh,Harvey-Clemons,WAS,S,Louisville
2017,7,231,Jylan,Ware,OAK,T,Alabama St.
2017,7,232,Elijah,Lee,MIN,LB,Kansas St.
2017,7,233,Harrison,Butker,CAR,K,Georgia Tech
2017,7,234,Ejuan,Price,LAR,DE,Pittsburgh
2017,7,235,Joshua,Holsey,WAS,DB,Auburn
2017,7,236,Brad,Seaton,TEN,T,Villanova
2017,7,237,Isaiah,Ford,MIA,WR,Virginia Tech
2017,7,238,Devante,Mays,GNB,RB,Utah St.
2017,7,239,Noah,Brown,DAL,WR,Ohio St.
2017,7,240,Marquez,Williams,JAX,FB,Miami (FL)
2017,7,241,Khalfani,Muhammad,TEN,RB,California
2017,7,242,Elijah,Hood,OAK,RB,North Carolina
2017,7,243,Kyle,Fuller,HOU,C,Baylor
2017,7,244,Treyvon,Hester,OAK,DT,Toledo
2017,7,245,Jack,Tocho,MIN,CB,North Carolina St.
2017,7,246,Jordan,Carrell,DAL,DT,Colorado
2017,7,247,Malachi,Dupre,GNB,WR,LSU
2017,7,248,Keion,Adams,PIT,OLB,West. Michigan
2017,7,249,Chris,Carson,SEA,RB,Oklahoma St.
2017,7,250,Pat,O'Connor,DET,DE,East. Michigan
2017,7,251,Mason,Schreck,CIN,TE,Buffalo
2017,7,252,Matthew,Dayes,CLE,RB,North Carolina St.
2017,7,253,Chad,Kelly,DEN,QB,Mississippi
